INSERT INTO THE.BUSINESS_CONTACT_CODE (BUSINESS_CONTACT_CODE,DESCRIPTION,EFFECTIVE_DATE,EXPIRY_DATE,UPDATE_TIMESTAMP) VALUES ('AP','Accounts Payable',TIMESTAMP'1905-01-01 00:00:00.0',TIMESTAMP'9999-12-31 00:00:00.0',TIMESTAMP'2016-03-11 09:35:17.0');
INSERT INTO THE.BUSINESS_CONTACT_CODE (BUSINESS_CONTACT_CODE,DESCRIPTION,EFFECTIVE_DATE,EXPIRY_DATE,UPDATE_TIMESTAMP) VALUES ('AR','Accounts Receivable',TIMESTAMP'1905-01-01 00:00:00.0',TIMESTAMP'9999-12-31 00:00:00.0',TIMESTAMP'2016-03-11 09:35:17.0');
INSERT INTO THE.BUSINESS_CONTACT_CODE (BUSINESS_CONTACT_CODE,DESCRIPTION,EFFECTIVE_DATE,EXPIRY_DATE,UPDATE_TIMESTAMP) VALUES ('BA','First Nations Administrator',TIMESTAMP'2007-10-11 00:00:00.0',TIMESTAMP'9999-12-31 00:00:00.0',TIMESTAMP'2016-03-11 09:35:17.0');
INSERT INTO THE.BUSINESS_CONTACT_CODE (BUSINESS_CONTACT_CODE,DESCRIPTION,EFFECTIVE_DATE,EXPIRY_DATE,UPDATE_TIMESTAMP) VALUES ('BC','First Nations Council Member',TIMESTAMP'2007-10-11 00:00:00.0',TIMESTAMP'9999-12-31 00:00:00.0',TIMESTAMP'2016-03-11 09:35:17.0');
INSERT INTO THE.BUSINESS_CONTACT_CODE (BUSINESS_CONTACT_CODE,DESCRIPTION,EFFECTIVE_DATE,EXPIRY_DATE,UPDATE_TIMESTAMP) VALUES ('BL','Billing',TIMESTAMP'1905-01-01 00:00:00.0',TIMESTAMP'9999-12-31 00:00:00.0',TIMESTAMP'2016-03-11 09:35:17.0');
INSERT INTO THE.BUSINESS_CONTACT_CODE (BUSINESS_CONTACT_CODE,DESCRIPTION,EFFECTIVE_DATE,EXPIRY_DATE,UPDATE_TIMESTAMP) VALUES ('BM','First Nations Manager',TIMESTAMP'2007-10-11 00:00:00.0',TIMESTAMP'9999-12-31 00:00:00.0',TIMESTAMP'2016-03-11 09:35:17.0');
INSERT INTO THE.BUSINESS_CONTACT_CODE (BUSINESS_CONTACT_CODE,DESCRIPTION,EFFECTIVE_DATE,EXPIRY_DATE,UPDATE_TIMESTAMP) VALUES ('BN','First Nations Treaty Negotiator',TIMESTAMP'2007-10-11 00:00:00.0',TIMESTAMP'9999-12-31 00:00:00.0',TIMESTAMP'2016-03-11 09:35:17.0');
INSERT INTO THE.BUSINESS_CONTACT_CODE (BUSINESS_CONTACT_CODE,DESCRIPTION,EFFECTIVE_DATE,EXPIRY_DATE,UPDATE_TIMESTAMP) VALUES ('CH','Chief',TIMESTAMP'2007-10-11 00:00:00.0',TIMESTAMP'9999-12-31 00:00:00.0',TIMESTAMP'2016-03-11 09:35:17.0');
INSERT INTO THE.BUSINESS_CONTACT_CODE (BUSINESS_CONTACT_CODE,DESCRIPTION,EFFECTIVE_DATE,EXPIRY_DATE,UPDATE_TIMESTAMP) VALUES ('CL','Collections',TIMESTAMP'1905-01-01 00:00:00.0',TIMESTAMP'9999-12-31 00:00:00.0',TIMESTAMP'2016-03-11 09:35:17.0');
INSERT INTO THE.BUSINESS_CONTACT_CODE (BUSINESS_CONTACT_CODE,DESCRIPTION,EFFECTIVE_DATE,EXPIRY_DATE,UPDATE_TIMESTAMP) VALUES ('DI','Director',TIMESTAMP'2005-02-17 00:00:00.0',TIMESTAMP'9999-12-31 00:00:00.0',TIMESTAMP'2016-03-11 09:35:17.0');
INSERT INTO THE.BUSINESS_CONTACT_CODE (BUSINESS_CONTACT_CODE,DESCRIPTION,EFFECTIVE_DATE,EXPIRY_DATE,UPDATE_TIMESTAMP) VALUES ('EX','Export',TIMESTAMP'1905-01-01 00:00:00.0',TIMESTAMP'9999-12-31 00:00:00.0',TIMESTAMP'2016-03-11 09:35:17.0');
INSERT INTO THE.BUSINESS_CONTACT_CODE (BUSINESS_CONTACT_CODE,DESCRIPTION,EFFECTIVE_DATE,EXPIRY_DATE,UPDATE_TIMESTAMP) VALUES ('GP','General Partner',TIMESTAMP'2006-11-21 00:00:00.0',TIMESTAMP'9999-12-31 00:00:00.0',TIMESTAMP'2016-03-11 09:35:17.0');
INSERT INTO THE.BUSINESS_CONTACT_CODE (BUSINESS_CONTACT_CODE,DESCRIPTION,EFFECTIVE_DATE,EXPIRY_DATE,UPDATE_TIMESTAMP) VALUES ('IL','Interior Log Cost Reporting',TIMESTAMP'2015-04-01 00:00:00.0',TIMESTAMP'9999-12-31 00:00:00.0',TIMESTAMP'2016-03-11 09:35:17.0');
INSERT INTO THE.BUSINESS_CONTACT_CODE (BUSINESS_CONTACT_CODE,DESCRIPTION,EFFECTIVE_DATE,EXPIRY_DATE,UPDATE_TIMESTAMP) VALUES ('LB','Log Broker',TIMESTAMP'1905-01-01 00:00:00.0',TIMESTAMP'9999-12-31 00:00:00.0',TIMESTAMP'2016-03-11 09:35:17.0');
INSERT INTO THE.BUSINESS_CONTACT_CODE (BUSINESS_CONTACT_CODE,DESCRIPTION,EFFECTIVE_DATE,EXPIRY_DATE,UPDATE_TIMESTAMP) VALUES ('LP','Limited Partner',TIMESTAMP'2006-11-21 00:00:00.0',TIMESTAMP'9999-12-31 00:00:00.0',TIMESTAMP'2016-03-11 09:35:17.0');
INSERT INTO THE.BUSINESS_CONTACT_CODE (BUSINESS_CONTACT_CODE,DESCRIPTION,EFFECTIVE_DATE,EXPIRY_DATE,UPDATE_TIMESTAMP) VALUES ('RC','Recreation Agreement Holder',TIMESTAMP'2005-03-21 00:00:00.0',TIMESTAMP'9999-12-31 00:00:00.0',TIMESTAMP'2016-03-11 09:35:17.0');
INSERT INTO THE.BUSINESS_CONTACT_CODE (BUSINESS_CONTACT_CODE,DESCRIPTION,EFFECTIVE_DATE,EXPIRY_DATE,UPDATE_TIMESTAMP) VALUES ('SI','Scale Site Contact',TIMESTAMP'2007-08-02 00:00:00.0',TIMESTAMP'9999-12-31 00:00:00.0',TIMESTAMP'2016-03-11 09:35:17.0');
INSERT INTO THE.BUSINESS_CONTACT_CODE (BUSINESS_CONTACT_CODE,DESCRIPTION,EFFECTIVE_DATE,EXPIRY_DATE,UPDATE_TIMESTAMP) VALUES ('SP','SPAR System Contact',TIMESTAMP'1905-01-01 00:00:00.0',TIMESTAMP'9999-12-31 00:00:00.0',TIMESTAMP'2016-03-11 09:35:17.0');
INSERT INTO THE.BUSINESS_CONTACT_CODE (BUSINESS_CONTACT_CODE,DESCRIPTION,EFFECTIVE_DATE,EXPIRY_DATE,UPDATE_TIMESTAMP) VALUES ('SR','Stumpage Rates',TIMESTAMP'1905-01-01 00:00:00.0',TIMESTAMP'9999-12-31 00:00:00.0',TIMESTAMP'2016-03-11 09:35:17.0');
INSERT INTO THE.BUSINESS_CONTACT_CODE (BUSINESS_CONTACT_CODE,DESCRIPTION,EFFECTIVE_DATE,EXPIRY_DATE,UPDATE_TIMESTAMP) VALUES ('SS','Scaling Software Vendor Contact',TIMESTAMP'2001-09-12 00:00:00.0',TIMESTAMP'9999-12-31 00:00:00.0',TIMESTAMP'2016-03-11 09:35:17.0');
INSERT INTO THE.BUSINESS_CONTACT_CODE (BUSINESS_CONTACT_CODE,DESCRIPTION,EFFECTIVE_DATE,EXPIRY_DATE,UPDATE_TIMESTAMP) VALUES ('TC','BCTS Contractor',TIMESTAMP'2003-04-16 00:00:00.0',TIMESTAMP'9999-12-31 00:00:00.0',TIMESTAMP'2016-03-11 09:35:17.0');
INSERT INTO THE.BUSINESS_CONTACT_CODE (BUSINESS_CONTACT_CODE,DESCRIPTION,EFFECTIVE_DATE,EXPIRY_DATE,UPDATE_TIMESTAMP) VALUES ('TN','Tenure Administration',TIMESTAMP'1905-01-01 00:00:00.0',TIMESTAMP'9999-12-31 00:00:00.0',TIMESTAMP'2016-03-11 09:35:17.0');
INSERT INTO THE.BUSINESS_CONTACT_CODE (BUSINESS_CONTACT_CODE,DESCRIPTION,EFFECTIVE_DATE,EXPIRY_DATE,UPDATE_TIMESTAMP) VALUES ('TP','EDI Trading Partner',TIMESTAMP'2000-07-25 00:00:00.0',TIMESTAMP'9999-12-31 00:00:00.0',TIMESTAMP'2016-03-11 09:35:17.0');

INSERT INTO THE.CLIENT_AUDIT_CODE (CLIENT_AUDIT_CODE,DESCRIPTION,EFFECTIVE_DATE,EXPIRY_DATE,UPDATE_TIMESTAMP) VALUES ('DEL','Delete',TIMESTAMP'1905-01-01 00:00:00.0',TIMESTAMP'9999-12-31 00:00:00.0',TIMESTAMP'2007-03-14 14:43:00.0');
INSERT INTO THE.CLIENT_AUDIT_CODE (CLIENT_AUDIT_CODE,DESCRIPTION,EFFECTIVE_DATE,EXPIRY_DATE,UPDATE_TIMESTAMP) VALUES ('INS','Insert',TIMESTAMP'1905-01-01 00:00:00.0',TIMESTAMP'9999-12-31 00:00:00.0',TIMESTAMP'2007-03-14 14:43:00.0');
INSERT INTO THE.CLIENT_AUDIT_CODE (CLIENT_AUDIT_CODE,DESCRIPTION,EFFECTIVE_DATE,EXPIRY_DATE,UPDATE_TIMESTAMP) VALUES ('UPD','Update',TIMESTAMP'1905-01-01 00:00:00.0',TIMESTAMP'9999-12-31 00:00:00.0',TIMESTAMP'2007-03-14 14:43:00.0');

INSERT INTO THE.CLIENT_ID_TYPE_CODE (CLIENT_ID_TYPE_CODE,DESCRIPTION,EFFECTIVE_DATE,EXPIRY_DATE,UPDATE_TIMESTAMP) VALUES ('BCDL','British Columbia Drivers Licence',TIMESTAMP'2007-01-01 00:00:00.0',TIMESTAMP'9999-12-31 00:00:00.0',TIMESTAMP'2007-07-12 13:00:40.0');
INSERT INTO THE.CLIENT_ID_TYPE_CODE (CLIENT_ID_TYPE_CODE,DESCRIPTION,EFFECTIVE_DATE,EXPIRY_DATE,UPDATE_TIMESTAMP) VALUES ('BCID','British Columbia Identification',TIMESTAMP'2007-01-01 00:00:00.0',TIMESTAMP'9999-12-31 00:00:00.0',TIMESTAMP'2007-07-12 13:00:40.0');
INSERT INTO THE.CLIENT_ID_TYPE_CODE (CLIENT_ID_TYPE_CODE,DESCRIPTION,EFFECTIVE_DATE,EXPIRY_DATE,UPDATE_TIMESTAMP) VALUES ('BRTH','Birth Certificate',TIMESTAMP'2007-01-01 00:00:00.0',TIMESTAMP'9999-12-31 00:00:00.0',TIMESTAMP'2007-07-12 13:00:40.0');
INSERT INTO THE.CLIENT_ID_TYPE_CODE (CLIENT_ID_TYPE_CODE,DESCRIPTION,EFFECTIVE_DATE,EXPIRY_DATE,UPDATE_TIMESTAMP) VALUES ('CITZ','Citizenship Card',TIMESTAMP'2007-01-01 00:00:00.0',TIMESTAMP'9999-12-31 00:00:00.0',TIMESTAMP'2007-07-12 13:00:40.0');
INSERT INTO THE.CLIENT_ID_TYPE_CODE (CLIENT_ID_TYPE_CODE,DESCRIPTION,EFFECTIVE_DATE,EXPIRY_DATE,UPDATE_TIMESTAMP) VALUES ('EXDL','Extraprovincial Drivers Licence',TIMESTAMP'2007-01-01 00:00:00.0',TIMESTAMP'9999-12-31 00:00:00.0',TIMESTAMP'2007-07-12 13:00:40.0');
INSERT INTO THE.CLIENT_ID_TYPE_CODE (CLIENT_ID_TYPE_CODE,DESCRIPTION,EFFECTIVE_DATE,EXPIRY_DATE,UPDATE_TIMESTAMP) VALUES ('FNID','First Nation Status ID',TIMESTAMP'2007-01-01 00:00:00.0',TIMESTAMP'9999-12-31 00:00:00.0',TIMESTAMP'2007-07-12 13:00:40.0');
INSERT INTO THE.CLIENT_ID_TYPE_CODE (CLIENT_ID_TYPE_CODE,DESCRIPTION,EFFECTIVE_DATE,EXPIRY_DATE,UPDATE_TIMESTAMP) VALUES ('MILI','Canadian Military ID',TIMESTAMP'2007-01-01 00:00:00.0',TIMESTAMP'9999-12-31 00:00:00.0',TIMESTAMP'2007-07-12 13:00:40.0');
INSERT INTO THE.CLIENT_ID_TYPE_CODE (CLIENT_ID_TYPE_CODE,DESCRIPTION,EFFECTIVE_DATE,EXPIRY_DATE,UPDATE_TIMESTAMP) VALUES ('OTHR','Other Identification',TIMESTAMP'2007-01-01 00:00:00.0',TIMESTAMP'9999-12-31 00:00:00.0',TIMESTAMP'2007-07-12 13:00:40.0');
INSERT INTO THE.CLIENT_ID_TYPE_CODE (CLIENT_ID_TYPE_CODE,DESCRIPTION,EFFECTIVE_DATE,EXPIRY_DATE,UPDATE_TIMESTAMP) VALUES ('PASS','Canadian Passport',TIMESTAMP'2007-01-01 00:00:00.0',TIMESTAMP'9999-12-31 00:00:00.0',TIMESTAMP'2007-07-12 13:00:40.0');
INSERT INTO THE.CLIENT_ID_TYPE_CODE (CLIENT_ID_TYPE_CODE,DESCRIPTION,EFFECTIVE_DATE,EXPIRY_DATE,UPDATE_TIMESTAMP) VALUES ('UNKN','Unknown',TIMESTAMP'2007-01-01 00:00:00.0',TIMESTAMP'9999-12-31 00:00:00.0',TIMESTAMP'2007-07-12 13:00:40.0');
INSERT INTO THE.CLIENT_ID_TYPE_CODE (CLIENT_ID_TYPE_CODE,DESCRIPTION,EFFECTIVE_DATE,EXPIRY_DATE,UPDATE_TIMESTAMP) VALUES ('BCEI','BCeID',TIMESTAMP'2023-11-29 00:00:00.0',TIMESTAMP'9999-12-31 00:00:00.0',TIMESTAMP'2023-11-29 13:00:40.0');
INSERT INTO THE.CLIENT_ID_TYPE_CODE (CLIENT_ID_TYPE_CODE,DESCRIPTION,EFFECTIVE_DATE,EXPIRY_DATE,UPDATE_TIMESTAMP) VALUES ('BCSC','BC Services Card',TIMESTAMP'2023-11-29 00:00:00.0',TIMESTAMP'9999-12-31 00:00:00.0',TIMESTAMP'2023-11-29 13:00:40.0');
INSERT INTO THE.CLIENT_ID_TYPE_CODE (CLIENT_ID_TYPE_CODE,DESCRIPTION,EFFECTIVE_DATE,EXPIRY_DATE,UPDATE_TIMESTAMP) VALUES ('BCRE','BC Registry',TIMESTAMP'2023-11-29 00:00:00.0',TIMESTAMP'9999-12-31 00:00:00.0',TIMESTAMP'2023-11-29 13:00:40.0');


INSERT INTO THE.CLIENT_RELATIONSHIP_CODE (CLIENT_RELATIONSHIP_CODE,DESCRIPTION,EFFECTIVE_DATE,EXPIRY_DATE,UPDATE_TIMESTAMP) VALUES ('AF','Obsolete - Amalgamated from',TIMESTAMP'2005-09-05 00:00:00.0',TIMESTAMP'2007-03-31 00:00:00.0',TIMESTAMP'2009-03-10 14:10:14.0');
INSERT INTO THE.CLIENT_RELATIONSHIP_CODE (CLIENT_RELATIONSHIP_CODE,DESCRIPTION,EFFECTIVE_DATE,EXPIRY_DATE,UPDATE_TIMESTAMP) VALUES ('AT','Obsolete - Amalgamated To',TIMESTAMP'2005-09-05 00:00:00.0',TIMESTAMP'2007-03-31 00:00:00.0',TIMESTAMP'2009-03-10 14:10:14.0');
INSERT INTO THE.CLIENT_RELATIONSHIP_CODE (CLIENT_RELATIONSHIP_CODE,DESCRIPTION,EFFECTIVE_DATE,EXPIRY_DATE,UPDATE_TIMESTAMP) VALUES ('PA','General Partner',TIMESTAMP'2005-09-05 00:00:00.0',TIMESTAMP'9999-12-31 00:00:00.0',TIMESTAMP'2009-03-10 14:10:14.0');
INSERT INTO THE.CLIENT_RELATIONSHIP_CODE (CLIENT_RELATIONSHIP_CODE,DESCRIPTION,EFFECTIVE_DATE,EXPIRY_DATE,UPDATE_TIMESTAMP) VALUES ('AG','Agent',TIMESTAMP'1905-01-01 00:00:00.0',TIMESTAMP'9999-12-31 00:00:00.0',TIMESTAMP'2009-03-10 14:10:14.0');
INSERT INTO THE.CLIENT_RELATIONSHIP_CODE (CLIENT_RELATIONSHIP_CODE,DESCRIPTION,EFFECTIVE_DATE,EXPIRY_DATE,UPDATE_TIMESTAMP) VALUES ('BR','Broker',TIMESTAMP'1905-01-01 00:00:00.0',TIMESTAMP'9999-12-31 00:00:00.0',TIMESTAMP'2009-03-10 14:10:14.0');
INSERT INTO THE.CLIENT_RELATIONSHIP_CODE (CLIENT_RELATIONSHIP_CODE,DESCRIPTION,EFFECTIVE_DATE,EXPIRY_DATE,UPDATE_TIMESTAMP) VALUES ('CL','Corporate Linkage',TIMESTAMP'1905-01-01 00:00:00.0',TIMESTAMP'9999-12-31 00:00:00.0',TIMESTAMP'2009-03-10 14:10:14.0');
INSERT INTO THE.CLIENT_RELATIONSHIP_CODE (CLIENT_RELATIONSHIP_CODE,DESCRIPTION,EFFECTIVE_DATE,EXPIRY_DATE,UPDATE_TIMESTAMP) VALUES ('DB','Does Business With',TIMESTAMP'1905-01-01 00:00:00.0',TIMESTAMP'9999-12-31 00:00:00.0',TIMESTAMP'2009-03-10 14:10:14.0');
INSERT INTO THE.CLIENT_RELATIONSHIP_CODE (CLIENT_RELATIONSHIP_CODE,DESCRIPTION,EFFECTIVE_DATE,EXPIRY_DATE,UPDATE_TIMESTAMP) VALUES ('FA','First Nations Company Affiliation',TIMESTAMP'2007-10-11 00:00:00.0',TIMESTAMP'9999-12-31 00:00:00.0',TIMESTAMP'2009-03-10 14:10:14.0');
INSERT INTO THE.CLIENT_RELATIONSHIP_CODE (CLIENT_RELATIONSHIP_CODE,DESCRIPTION,EFFECTIVE_DATE,EXPIRY_DATE,UPDATE_TIMESTAMP) VALUES ('FI','First Nations Member Owned',TIMESTAMP'2007-10-11 00:00:00.0',TIMESTAMP'9999-12-31 00:00:00.0',TIMESTAMP'2009-03-10 14:10:14.0');
INSERT INTO THE.CLIENT_RELATIONSHIP_CODE (CLIENT_RELATIONSHIP_CODE,DESCRIPTION,EFFECTIVE_DATE,EXPIRY_DATE,UPDATE_TIMESTAMP) VALUES ('FM','Family Member',TIMESTAMP'1905-01-01 00:00:00.0',TIMESTAMP'9999-12-31 00:00:00.0',TIMESTAMP'2009-03-10 14:10:14.0');
INSERT INTO THE.CLIENT_RELATIONSHIP_CODE (CLIENT_RELATIONSHIP_CODE,DESCRIPTION,EFFECTIVE_DATE,EXPIRY_DATE,UPDATE_TIMESTAMP) VALUES ('FO','First Nations Owned',TIMESTAMP'2007-10-11 00:00:00.0',TIMESTAMP'9999-12-31 00:00:00.0',TIMESTAMP'2009-03-10 14:10:14.0');
INSERT INTO THE.CLIENT_RELATIONSHIP_CODE (CLIENT_RELATIONSHIP_CODE,DESCRIPTION,EFFECTIVE_DATE,EXPIRY_DATE,UPDATE_TIMESTAMP) VALUES ('FP','First Nations Organizational Association',TIMESTAMP'2007-12-11 00:00:00.0',TIMESTAMP'9999-12-31 00:00:00.0',TIMESTAMP'2009-03-10 14:10:14.0');
INSERT INTO THE.CLIENT_RELATIONSHIP_CODE (CLIENT_RELATIONSHIP_CODE,DESCRIPTION,EFFECTIVE_DATE,EXPIRY_DATE,UPDATE_TIMESTAMP) VALUES ('JV','Joint Venture Participant',TIMESTAMP'1905-01-01 00:00:00.0',TIMESTAMP'9999-12-31 00:00:00.0',TIMESTAMP'2009-03-10 14:10:14.0');
INSERT INTO THE.CLIENT_RELATIONSHIP_CODE (CLIENT_RELATIONSHIP_CODE,DESCRIPTION,EFFECTIVE_DATE,EXPIRY_DATE,UPDATE_TIMESTAMP) VALUES ('OF','Officer',TIMESTAMP'1905-01-01 00:00:00.0',TIMESTAMP'9999-12-31 00:00:00.0',TIMESTAMP'2009-03-10 14:10:14.0');
INSERT INTO THE.CLIENT_RELATIONSHIP_CODE (CLIENT_RELATIONSHIP_CODE,DESCRIPTION,EFFECTIVE_DATE,EXPIRY_DATE,UPDATE_TIMESTAMP) VALUES ('SH','Shareholder',TIMESTAMP'1905-01-01 00:00:00.0',TIMESTAMP'9999-12-31 00:00:00.0',TIMESTAMP'2009-03-10 14:10:14.0');

INSERT INTO THE.CLIENT_REORG_AUDIT_CODE (CLIENT_REORG_AUDIT_CODE,DESCRIPTION,EFFECTIVE_DATE,EXPIRY_DATE,UPDATE_TIMESTAMP) VALUES ('DEL','Delete',TIMESTAMP'2001-11-19 00:00:00.0',TIMESTAMP'9999-12-31 00:00:00.0',TIMESTAMP'2006-11-01 08:32:25.0');
INSERT INTO THE.CLIENT_REORG_AUDIT_CODE (CLIENT_REORG_AUDIT_CODE,DESCRIPTION,EFFECTIVE_DATE,EXPIRY_DATE,UPDATE_TIMESTAMP) VALUES ('INS','Insert',TIMESTAMP'2001-11-19 00:00:00.0',TIMESTAMP'9999-12-31 00:00:00.0',TIMESTAMP'2006-11-01 08:32:25.0');
INSERT INTO THE.CLIENT_REORG_AUDIT_CODE (CLIENT_REORG_AUDIT_CODE,DESCRIPTION,EFFECTIVE_DATE,EXPIRY_DATE,UPDATE_TIMESTAMP) VALUES ('UPD','Update',TIMESTAMP'2001-11-19 00:00:00.0',TIMESTAMP'9999-12-31 00:00:00.0',TIMESTAMP'2006-11-01 08:32:25.0');

INSERT INTO THE.CLIENT_REORG_STATUS_CODE (CLIENT_REORG_STATUS_CODE,DESCRIPTION,EFFECTIVE_DATE,EXPIRY_DATE,UPDATE_TIMESTAMP) VALUES ('APP','Approved',TIMESTAMP'1905-01-01 00:00:00.0',TIMESTAMP'9999-12-31 00:00:00.0',TIMESTAMP'2006-11-01 08:32:54.0');
INSERT INTO THE.CLIENT_REORG_STATUS_CODE (CLIENT_REORG_STATUS_CODE,DESCRIPTION,EFFECTIVE_DATE,EXPIRY_DATE,UPDATE_TIMESTAMP) VALUES ('CAN','Cancelled',TIMESTAMP'1905-01-01 00:00:00.0',TIMESTAMP'9999-12-31 00:00:00.0',TIMESTAMP'2006-11-01 08:32:54.0');
INSERT INTO THE.CLIENT_REORG_STATUS_CODE (CLIENT_REORG_STATUS_CODE,DESCRIPTION,EFFECTIVE_DATE,EXPIRY_DATE,UPDATE_TIMESTAMP) VALUES ('COM','Complete',TIMESTAMP'1905-01-01 00:00:00.0',TIMESTAMP'9999-12-31 00:00:00.0',TIMESTAMP'2006-11-01 08:32:54.0');
INSERT INTO THE.CLIENT_REORG_STATUS_CODE (CLIENT_REORG_STATUS_CODE,DESCRIPTION,EFFECTIVE_DATE,EXPIRY_DATE,UPDATE_TIMESTAMP) VALUES ('EXP','Expired',TIMESTAMP'1905-01-01 00:00:00.0',TIMESTAMP'9999-12-31 00:00:00.0',TIMESTAMP'2006-11-01 08:32:54.0');
INSERT INTO THE.CLIENT_REORG_STATUS_CODE (CLIENT_REORG_STATUS_CODE,DESCRIPTION,EFFECTIVE_DATE,EXPIRY_DATE,UPDATE_TIMESTAMP) VALUES ('PND','Pending',TIMESTAMP'1905-01-01 00:00:00.0',TIMESTAMP'9999-12-31 00:00:00.0',TIMESTAMP'2006-11-01 08:32:54.0');
INSERT INTO THE.CLIENT_REORG_STATUS_CODE (CLIENT_REORG_STATUS_CODE,DESCRIPTION,EFFECTIVE_DATE,EXPIRY_DATE,UPDATE_TIMESTAMP) VALUES ('PRC','Processing',TIMESTAMP'2001-10-22 00:00:00.0',TIMESTAMP'9999-12-31 00:00:00.0',TIMESTAMP'2006-11-01 08:32:54.0');

INSERT INTO THE.CLIENT_REORG_TYPE_CODE (CLIENT_REORG_TYPE_CODE,DESCRIPTION,EFFECTIVE_DATE,EXPIRY_DATE,UPDATE_TIMESTAMP) VALUES ('ACQU','Acquisition',TIMESTAMP'2006-08-23 00:00:00.0',TIMESTAMP'9999-12-31 00:00:00.0',TIMESTAMP'2006-11-01 08:33:23.0');
INSERT INTO THE.CLIENT_REORG_TYPE_CODE (CLIENT_REORG_TYPE_CODE,DESCRIPTION,EFFECTIVE_DATE,EXPIRY_DATE,UPDATE_TIMESTAMP) VALUES ('AMAL','Amalgamation',TIMESTAMP'2006-08-23 00:00:00.0',TIMESTAMP'9999-12-31 00:00:00.0',TIMESTAMP'2006-11-01 08:33:23.0');

INSERT INTO THE.CLIENT_STATUS_CODE (CLIENT_STATUS_CODE,DESCRIPTION,EFFECTIVE_DATE,EXPIRY_DATE,UPDATE_TIMESTAMP) VALUES ('ACT','Active',TIMESTAMP'1905-01-01 00:00:00.0',TIMESTAMP'9999-12-31 00:00:00.0',TIMESTAMP'2007-03-14 14:42:21.0');
INSERT INTO THE.CLIENT_STATUS_CODE (CLIENT_STATUS_CODE,DESCRIPTION,EFFECTIVE_DATE,EXPIRY_DATE,UPDATE_TIMESTAMP) VALUES ('DAC','Deactivated',TIMESTAMP'1905-01-01 00:00:00.0',TIMESTAMP'9999-12-31 00:00:00.0',TIMESTAMP'2007-03-14 14:42:21.0');
INSERT INTO THE.CLIENT_STATUS_CODE (CLIENT_STATUS_CODE,DESCRIPTION,EFFECTIVE_DATE,EXPIRY_DATE,UPDATE_TIMESTAMP) VALUES ('DEC','Deceased',TIMESTAMP'1905-01-01 00:00:00.0',TIMESTAMP'9999-12-31 00:00:00.0',TIMESTAMP'2007-03-14 14:42:21.0');
INSERT INTO THE.CLIENT_STATUS_CODE (CLIENT_STATUS_CODE,DESCRIPTION,EFFECTIVE_DATE,EXPIRY_DATE,UPDATE_TIMESTAMP) VALUES ('REC','Receivership',TIMESTAMP'1905-01-01 00:00:00.0',TIMESTAMP'9999-12-31 00:00:00.0',TIMESTAMP'2007-03-14 14:42:21.0');
INSERT INTO THE.CLIENT_STATUS_CODE (CLIENT_STATUS_CODE,DESCRIPTION,EFFECTIVE_DATE,EXPIRY_DATE,UPDATE_TIMESTAMP) VALUES ('SPN','Suspended',TIMESTAMP'1905-01-01 00:00:00.0',TIMESTAMP'9999-12-31 00:00:00.0',TIMESTAMP'2007-03-14 14:42:21.0');

INSERT INTO THE.CLIENT_TYPE_CODE (CLIENT_TYPE_CODE,DESCRIPTION,EFFECTIVE_DATE,EXPIRY_DATE,UPDATE_TIMESTAMP) VALUES ('A','Association',TIMESTAMP'1905-01-01 00:00:00.0',TIMESTAMP'9999-12-31 00:00:00.0',TIMESTAMP'2009-03-17 16:17:35.0');
INSERT INTO THE.CLIENT_TYPE_CODE (CLIENT_TYPE_CODE,DESCRIPTION,EFFECTIVE_DATE,EXPIRY_DATE,UPDATE_TIMESTAMP) VALUES ('B','First Nation Band',TIMESTAMP'1905-01-01 00:00:00.0',TIMESTAMP'9999-12-31 00:00:00.0',TIMESTAMP'2009-03-17 16:17:35.0');
INSERT INTO THE.CLIENT_TYPE_CODE (CLIENT_TYPE_CODE,DESCRIPTION,EFFECTIVE_DATE,EXPIRY_DATE,UPDATE_TIMESTAMP) VALUES ('C','Corporation',TIMESTAMP'1905-01-01 00:00:00.0',TIMESTAMP'9999-12-31 00:00:00.0',TIMESTAMP'2009-03-17 16:17:35.0');
INSERT INTO THE.CLIENT_TYPE_CODE (CLIENT_TYPE_CODE,DESCRIPTION,EFFECTIVE_DATE,EXPIRY_DATE,UPDATE_TIMESTAMP) VALUES ('F','Ministry of Forests and Range',TIMESTAMP'1905-01-01 00:00:00.0',TIMESTAMP'9999-12-31 00:00:00.0',TIMESTAMP'2009-03-17 16:17:35.0');
INSERT INTO THE.CLIENT_TYPE_CODE (CLIENT_TYPE_CODE,DESCRIPTION,EFFECTIVE_DATE,EXPIRY_DATE,UPDATE_TIMESTAMP) VALUES ('G','Government',TIMESTAMP'1905-01-01 00:00:00.0',TIMESTAMP'9999-12-31 00:00:00.0',TIMESTAMP'2009-03-17 16:17:35.0');
INSERT INTO THE.CLIENT_TYPE_CODE (CLIENT_TYPE_CODE,DESCRIPTION,EFFECTIVE_DATE,EXPIRY_DATE,UPDATE_TIMESTAMP) VALUES ('I','Individual',TIMESTAMP'1905-01-01 00:00:00.0',TIMESTAMP'9999-12-31 00:00:00.0',TIMESTAMP'2009-03-17 16:17:35.0');
INSERT INTO THE.CLIENT_TYPE_CODE (CLIENT_TYPE_CODE,DESCRIPTION,EFFECTIVE_DATE,EXPIRY_DATE,UPDATE_TIMESTAMP) VALUES ('L','Limited Partnership',TIMESTAMP'2006-11-21 00:00:00.0',TIMESTAMP'9999-12-31 00:00:00.0',TIMESTAMP'2009-03-17 16:17:35.0');
INSERT INTO THE.CLIENT_TYPE_CODE (CLIENT_TYPE_CODE,DESCRIPTION,EFFECTIVE_DATE,EXPIRY_DATE,UPDATE_TIMESTAMP) VALUES ('P','General Partnership',TIMESTAMP'2009-03-11 00:00:00.0',TIMESTAMP'9999-12-31 00:00:00.0',TIMESTAMP'2009-03-17 16:17:35.0');
INSERT INTO THE.CLIENT_TYPE_CODE (CLIENT_TYPE_CODE,DESCRIPTION,EFFECTIVE_DATE,EXPIRY_DATE,UPDATE_TIMESTAMP) VALUES ('R','First Nation Group',TIMESTAMP'2007-10-11 00:00:00.0',TIMESTAMP'9999-12-31 00:00:00.0',TIMESTAMP'2009-03-17 16:17:35.0');
INSERT INTO THE.CLIENT_TYPE_CODE (CLIENT_TYPE_CODE,DESCRIPTION,EFFECTIVE_DATE,EXPIRY_DATE,UPDATE_TIMESTAMP) VALUES ('S','Society',TIMESTAMP'1905-01-01 00:00:00.0',TIMESTAMP'9999-12-31 00:00:00.0',TIMESTAMP'2009-03-17 16:17:35.0');
INSERT INTO THE.CLIENT_TYPE_CODE (CLIENT_TYPE_CODE,DESCRIPTION,EFFECTIVE_DATE,EXPIRY_DATE,UPDATE_TIMESTAMP) VALUES ('T','First Nation Tribal Council',TIMESTAMP'2007-10-11 00:00:00.0',TIMESTAMP'9999-12-31 00:00:00.0',TIMESTAMP'2009-03-17 16:17:35.0');
INSERT INTO THE.CLIENT_TYPE_CODE (CLIENT_TYPE_CODE,DESCRIPTION,EFFECTIVE_DATE,EXPIRY_DATE,UPDATE_TIMESTAMP) VALUES ('U','Unregistered Company',TIMESTAMP'1905-01-01 00:00:00.0',TIMESTAMP'9999-12-31 00:00:00.0',TIMESTAMP'2009-03-17 16:17:35.0');

INSERT INTO THE.REGISTRY_COMPANY_TYPE_CODE (REGISTRY_COMPANY_TYPE_CODE,DESCRIPTION,EFFECTIVE_DATE,EXPIRY_DATE,UPDATE_TIMESTAMP) VALUES ('A','Extraprovincial Company',TIMESTAMP'2007-01-01 00:00:00.0',TIMESTAMP'9999-12-31 00:00:00.0',TIMESTAMP'2008-02-28 09:50:45.0');
INSERT INTO THE.REGISTRY_COMPANY_TYPE_CODE (REGISTRY_COMPANY_TYPE_CODE,DESCRIPTION,EFFECTIVE_DATE,EXPIRY_DATE,UPDATE_TIMESTAMP) VALUES ('B','Extraprovincial Company',TIMESTAMP'2007-01-01 00:00:00.0',TIMESTAMP'9999-12-31 00:00:00.0',TIMESTAMP'2008-02-28 09:50:45.0');
INSERT INTO THE.REGISTRY_COMPANY_TYPE_CODE (REGISTRY_COMPANY_TYPE_CODE,DESCRIPTION,EFFECTIVE_DATE,EXPIRY_DATE,UPDATE_TIMESTAMP) VALUES ('BC','British Columbia Company',TIMESTAMP'2007-01-01 00:00:00.0',TIMESTAMP'9999-12-31 00:00:00.0',TIMESTAMP'2008-02-28 09:50:45.0');
INSERT INTO THE.REGISTRY_COMPANY_TYPE_CODE (REGISTRY_COMPANY_TYPE_CODE,DESCRIPTION,EFFECTIVE_DATE,EXPIRY_DATE,UPDATE_TIMESTAMP) VALUES ('C','Continuation In',TIMESTAMP'2007-08-01 00:00:00.0',TIMESTAMP'9999-12-31 00:00:00.0',TIMESTAMP'2008-02-28 09:50:45.0');
INSERT INTO THE.REGISTRY_COMPANY_TYPE_CODE (REGISTRY_COMPANY_TYPE_CODE,DESCRIPTION,EFFECTIVE_DATE,EXPIRY_DATE,UPDATE_TIMESTAMP) VALUES ('CP','Cooperative Association',TIMESTAMP'2007-01-01 00:00:00.0',TIMESTAMP'9999-12-31 00:00:00.0',TIMESTAMP'2008-02-28 09:50:45.0');
INSERT INTO THE.REGISTRY_COMPANY_TYPE_CODE (REGISTRY_COMPANY_TYPE_CODE,DESCRIPTION,EFFECTIVE_DATE,EXPIRY_DATE,UPDATE_TIMESTAMP) VALUES ('DINA','Federal First Nations ID',TIMESTAMP'2007-10-11 00:00:00.0',TIMESTAMP'9999-12-31 00:00:00.0',TIMESTAMP'2008-02-28 09:50:45.0');
INSERT INTO THE.REGISTRY_COMPANY_TYPE_CODE (REGISTRY_COMPANY_TYPE_CODE,DESCRIPTION,EFFECTIVE_DATE,EXPIRY_DATE,UPDATE_TIMESTAMP) VALUES ('EPR','Extraprovincial Company',TIMESTAMP'2007-01-01 00:00:00.0',TIMESTAMP'9999-12-31 00:00:00.0',TIMESTAMP'2008-02-28 09:50:45.0');
INSERT INTO THE.REGISTRY_COMPANY_TYPE_CODE (REGISTRY_COMPANY_TYPE_CODE,DESCRIPTION,EFFECTIVE_DATE,EXPIRY_DATE,UPDATE_TIMESTAMP) VALUES ('FOR','Extraprovincial Company',TIMESTAMP'2007-01-01 00:00:00.0',TIMESTAMP'9999-12-31 00:00:00.0',TIMESTAMP'2008-02-28 09:50:45.0');
INSERT INTO THE.REGISTRY_COMPANY_TYPE_CODE (REGISTRY_COMPANY_TYPE_CODE,DESCRIPTION,EFFECTIVE_DATE,EXPIRY_DATE,UPDATE_TIMESTAMP) VALUES ('LIC','Extraprovincial Company',TIMESTAMP'2007-01-01 00:00:00.0',TIMESTAMP'9999-12-31 00:00:00.0',TIMESTAMP'2008-02-28 09:50:45.0');
INSERT INTO THE.REGISTRY_COMPANY_TYPE_CODE (REGISTRY_COMPANY_TYPE_CODE,DESCRIPTION,EFFECTIVE_DATE,EXPIRY_DATE,UPDATE_TIMESTAMP) VALUES ('NON','Non Registered Company',TIMESTAMP'2007-01-01 00:00:00.0',TIMESTAMP'9999-12-31 00:00:00.0',TIMESTAMP'2008-02-28 09:50:45.0');
INSERT INTO THE.REGISTRY_COMPANY_TYPE_CODE (REGISTRY_COMPANY_TYPE_CODE,DESCRIPTION,EFFECTIVE_DATE,EXPIRY_DATE,UPDATE_TIMESTAMP) VALUES ('REG','Extraprovincial Company',TIMESTAMP'2007-01-01 00:00:00.0',TIMESTAMP'9999-12-31 00:00:00.0',TIMESTAMP'2008-02-28 09:50:45.0');
INSERT INTO THE.REGISTRY_COMPANY_TYPE_CODE (REGISTRY_COMPANY_TYPE_CODE,DESCRIPTION,EFFECTIVE_DATE,EXPIRY_DATE,UPDATE_TIMESTAMP) VALUES ('S','British Columbia Society',TIMESTAMP'2007-01-01 00:00:00.0',TIMESTAMP'9999-12-31 00:00:00.0',TIMESTAMP'2008-02-28 09:50:45.0');
INSERT INTO THE.REGISTRY_COMPANY_TYPE_CODE (REGISTRY_COMPANY_TYPE_CODE,DESCRIPTION,EFFECTIVE_DATE,EXPIRY_DATE,UPDATE_TIMESTAMP) VALUES ('XCP','Extraprovincial Cooperative Association',TIMESTAMP'2007-01-01 00:00:00.0',TIMESTAMP'9999-12-31 00:00:00.0',TIMESTAMP'2008-02-28 09:50:45.0');
INSERT INTO THE.REGISTRY_COMPANY_TYPE_CODE (REGISTRY_COMPANY_TYPE_CODE,DESCRIPTION,EFFECTIVE_DATE,EXPIRY_DATE,UPDATE_TIMESTAMP) VALUES ('XS','Extraprovincial Society',TIMESTAMP'2007-01-01 00:00:00.0',TIMESTAMP'9999-12-31 00:00:00.0',TIMESTAMP'2008-02-28 09:50:45.0');
INSERT INTO THE.REGISTRY_COMPANY_TYPE_CODE (REGISTRY_COMPANY_TYPE_CODE,DESCRIPTION,EFFECTIVE_DATE,EXPIRY_DATE,UPDATE_TIMESTAMP) VALUES ('FM','Sole Proprietorship',TIMESTAMP'2023-10-10 00:00:00.0',TIMESTAMP'9999-12-31 00:00:00.0',TIMESTAMP'2023-10-10 00:00:00.0');

INSERT INTO THE.CLIENT_TYPE_COMPANY_XREF (CLIENT_TYPE_CODE,REGISTRY_COMPANY_TYPE_CODE,ADD_USERID,ADD_TIMESTAMP,UPDATE_USERID,UPDATE_TIMESTAMP) VALUES ('A','CP','CLIADMIN',TIMESTAMP'2007-01-01 00:00:00.0','CLIADMIN',TIMESTAMP'2007-01-01 00:00:00.0');
INSERT INTO THE.CLIENT_TYPE_COMPANY_XREF (CLIENT_TYPE_CODE,REGISTRY_COMPANY_TYPE_CODE,ADD_USERID,ADD_TIMESTAMP,UPDATE_USERID,UPDATE_TIMESTAMP) VALUES ('A','XCP','CLIADMIN',TIMESTAMP'2007-01-01 00:00:00.0','CLIADMIN',TIMESTAMP'2007-01-01 00:00:00.0');
INSERT INTO THE.CLIENT_TYPE_COMPANY_XREF (CLIENT_TYPE_CODE,REGISTRY_COMPANY_TYPE_CODE,ADD_USERID,ADD_TIMESTAMP,UPDATE_USERID,UPDATE_TIMESTAMP) VALUES ('C','A','CLIADMIN',TIMESTAMP'2007-01-01 00:00:00.0','CLIADMIN',TIMESTAMP'2007-01-01 00:00:00.0');
INSERT INTO THE.CLIENT_TYPE_COMPANY_XREF (CLIENT_TYPE_CODE,REGISTRY_COMPANY_TYPE_CODE,ADD_USERID,ADD_TIMESTAMP,UPDATE_USERID,UPDATE_TIMESTAMP) VALUES ('C','B','CLIADMIN',TIMESTAMP'2007-01-01 00:00:00.0','CLIADMIN',TIMESTAMP'2007-01-01 00:00:00.0');
INSERT INTO THE.CLIENT_TYPE_COMPANY_XREF (CLIENT_TYPE_CODE,REGISTRY_COMPANY_TYPE_CODE,ADD_USERID,ADD_TIMESTAMP,UPDATE_USERID,UPDATE_TIMESTAMP) VALUES ('C','BC','CLIADMIN',TIMESTAMP'2007-01-01 00:00:00.0','CLIADMIN',TIMESTAMP'2007-01-01 00:00:00.0');
INSERT INTO THE.CLIENT_TYPE_COMPANY_XREF (CLIENT_TYPE_CODE,REGISTRY_COMPANY_TYPE_CODE,ADD_USERID,ADD_TIMESTAMP,UPDATE_USERID,UPDATE_TIMESTAMP) VALUES ('C','EPR','CLIADMIN',TIMESTAMP'2007-01-01 00:00:00.0','CLIADMIN',TIMESTAMP'2007-01-01 00:00:00.0');
INSERT INTO THE.CLIENT_TYPE_COMPANY_XREF (CLIENT_TYPE_CODE,REGISTRY_COMPANY_TYPE_CODE,ADD_USERID,ADD_TIMESTAMP,UPDATE_USERID,UPDATE_TIMESTAMP) VALUES ('C','FOR','CLIADMIN',TIMESTAMP'2007-01-01 00:00:00.0','CLIADMIN',TIMESTAMP'2007-01-01 00:00:00.0');
INSERT INTO THE.CLIENT_TYPE_COMPANY_XREF (CLIENT_TYPE_CODE,REGISTRY_COMPANY_TYPE_CODE,ADD_USERID,ADD_TIMESTAMP,UPDATE_USERID,UPDATE_TIMESTAMP) VALUES ('C','LIC','CLIADMIN',TIMESTAMP'2007-01-01 00:00:00.0','CLIADMIN',TIMESTAMP'2007-01-01 00:00:00.0');
INSERT INTO THE.CLIENT_TYPE_COMPANY_XREF (CLIENT_TYPE_CODE,REGISTRY_COMPANY_TYPE_CODE,ADD_USERID,ADD_TIMESTAMP,UPDATE_USERID,UPDATE_TIMESTAMP) VALUES ('C','REG','CLIADMIN',TIMESTAMP'2007-01-01 00:00:00.0','CLIADMIN',TIMESTAMP'2007-01-01 00:00:00.0');
INSERT INTO THE.CLIENT_TYPE_COMPANY_XREF (CLIENT_TYPE_CODE,REGISTRY_COMPANY_TYPE_CODE,ADD_USERID,ADD_TIMESTAMP,UPDATE_USERID,UPDATE_TIMESTAMP) VALUES ('S','S','CLIADMIN',TIMESTAMP'2007-01-01 00:00:00.0','CLIADMIN',TIMESTAMP'2007-01-01 00:00:00.0');
INSERT INTO THE.CLIENT_TYPE_COMPANY_XREF (CLIENT_TYPE_CODE,REGISTRY_COMPANY_TYPE_CODE,ADD_USERID,ADD_TIMESTAMP,UPDATE_USERID,UPDATE_TIMESTAMP) VALUES ('S','XS','CLIADMIN',TIMESTAMP'2007-01-01 00:00:00.0','CLIADMIN',TIMESTAMP'2007-01-01 00:00:00.0');
INSERT INTO THE.CLIENT_TYPE_COMPANY_XREF (CLIENT_TYPE_CODE,REGISTRY_COMPANY_TYPE_CODE,ADD_USERID,ADD_TIMESTAMP,UPDATE_USERID,UPDATE_TIMESTAMP) VALUES ('U','NON','CLIADMIN',TIMESTAMP'2007-01-01 00:00:00.0','CLIADMIN',TIMESTAMP'2007-01-01 00:00:00.0');
INSERT INTO THE.CLIENT_TYPE_COMPANY_XREF (CLIENT_TYPE_CODE,REGISTRY_COMPANY_TYPE_CODE,ADD_USERID,ADD_TIMESTAMP,UPDATE_USERID,UPDATE_TIMESTAMP) VALUES ('C','C','CLIADMIN',TIMESTAMP'2007-08-14 10:29:27.0','CLIADMIN',TIMESTAMP'2007-08-14 10:29:27.0');
INSERT INTO THE.CLIENT_TYPE_COMPANY_XREF (CLIENT_TYPE_CODE,REGISTRY_COMPANY_TYPE_CODE,ADD_USERID,ADD_TIMESTAMP,UPDATE_USERID,UPDATE_TIMESTAMP) VALUES ('B','DINA','CLIADMIN',TIMESTAMP'2007-10-16 12:50:08.0','CLIADMIN',TIMESTAMP'2007-10-16 12:50:08.0');
INSERT INTO THE.CLIENT_TYPE_COMPANY_XREF (CLIENT_TYPE_CODE,REGISTRY_COMPANY_TYPE_CODE,ADD_USERID,ADD_TIMESTAMP,UPDATE_USERID,UPDATE_TIMESTAMP) VALUES ('T','DINA','CLIADMIN',TIMESTAMP'2007-10-16 12:50:12.0','CLIADMIN',TIMESTAMP'2007-10-16 12:50:12.0');
INSERT INTO THE.CLIENT_TYPE_COMPANY_XREF (CLIENT_TYPE_CODE,REGISTRY_COMPANY_TYPE_CODE,ADD_USERID,ADD_TIMESTAMP,UPDATE_USERID,UPDATE_TIMESTAMP) VALUES ('I','FM','CLIADMIN',TIMESTAMP'2023-10-10 00:00:00.0','CLIADMIN',TIMESTAMP'2023-10-10 00:00:00.0');
INSERT INTO THE.CLIENT_TYPE_COMPANY_XREF (CLIENT_TYPE_CODE,REGISTRY_COMPANY_TYPE_CODE,ADD_USERID,ADD_TIMESTAMP,UPDATE_USERID,UPDATE_TIMESTAMP) VALUES ('U','FM','CLIADMIN',TIMESTAMP'2023-10-10 00:00:00.0','CLIADMIN',TIMESTAMP'2023-10-10 00:00:00.0');
INSERT INTO THE.CLIENT_TYPE_COMPANY_XREF (CLIENT_TYPE_CODE,REGISTRY_COMPANY_TYPE_CODE,ADD_USERID,ADD_TIMESTAMP,UPDATE_USERID,UPDATE_TIMESTAMP) VALUES ('P','FM','CLIADMIN',TIMESTAMP'2023-10-10 00:00:00.0','CLIADMIN',TIMESTAMP'2023-10-10 00:00:00.0');

INSERT INTO THE.CLIENT_UPDATE_ACTION_CODE (CLIENT_UPDATE_ACTION_CODE,DESCRIPTION,EFFECTIVE_DATE,EXPIRY_DATE,UPDATE_TIMESTAMP) VALUES ('ACDC','Deceased Client Activated',TIMESTAMP'2007-01-01 00:00:00.0',TIMESTAMP'9999-12-31 00:00:00.0',TIMESTAMP'2007-07-12 13:00:22.0');
INSERT INTO THE.CLIENT_UPDATE_ACTION_CODE (CLIENT_UPDATE_ACTION_CODE,DESCRIPTION,EFFECTIVE_DATE,EXPIRY_DATE,UPDATE_TIMESTAMP) VALUES ('ADDR','Address Change',TIMESTAMP'2007-01-01 00:00:00.0',TIMESTAMP'9999-12-31 00:00:00.0',TIMESTAMP'2007-07-12 13:00:22.0');
INSERT INTO THE.CLIENT_UPDATE_ACTION_CODE (CLIENT_UPDATE_ACTION_CODE,DESCRIPTION,EFFECTIVE_DATE,EXPIRY_DATE,UPDATE_TIMESTAMP) VALUES ('DAC','Deactivated',TIMESTAMP'2007-01-01 00:00:00.0',TIMESTAMP'9999-12-31 00:00:00.0',TIMESTAMP'2007-07-12 13:00:22.0');
INSERT INTO THE.CLIENT_UPDATE_ACTION_CODE (CLIENT_UPDATE_ACTION_CODE,DESCRIPTION,EFFECTIVE_DATE,EXPIRY_DATE,UPDATE_TIMESTAMP) VALUES ('ID','ID Change',TIMESTAMP'2007-01-01 00:00:00.0',TIMESTAMP'9999-12-31 00:00:00.0',TIMESTAMP'2007-07-12 13:00:22.0');
INSERT INTO THE.CLIENT_UPDATE_ACTION_CODE (CLIENT_UPDATE_ACTION_CODE,DESCRIPTION,EFFECTIVE_DATE,EXPIRY_DATE,UPDATE_TIMESTAMP) VALUES ('NAME','Name Change',TIMESTAMP'2007-01-01 00:00:00.0',TIMESTAMP'9999-12-31 00:00:00.0',TIMESTAMP'2007-07-12 13:00:22.0');
INSERT INTO THE.CLIENT_UPDATE_ACTION_CODE (CLIENT_UPDATE_ACTION_CODE,DESCRIPTION,EFFECTIVE_DATE,EXPIRY_DATE,UPDATE_TIMESTAMP) VALUES ('RACT','Reactivated',TIMESTAMP'2007-01-01 00:00:00.0',TIMESTAMP'9999-12-31 00:00:00.0',TIMESTAMP'2007-07-12 13:00:22.0');
INSERT INTO THE.CLIENT_UPDATE_ACTION_CODE (CLIENT_UPDATE_ACTION_CODE,DESCRIPTION,EFFECTIVE_DATE,EXPIRY_DATE,UPDATE_TIMESTAMP) VALUES ('SPN','Suspended',TIMESTAMP'2007-01-01 00:00:00.0',TIMESTAMP'9999-12-31 00:00:00.0',TIMESTAMP'2007-07-12 13:00:22.0');
INSERT INTO THE.CLIENT_UPDATE_ACTION_CODE (CLIENT_UPDATE_ACTION_CODE,DESCRIPTION,EFFECTIVE_DATE,EXPIRY_DATE,UPDATE_TIMESTAMP) VALUES ('USPN','Unsuspended',TIMESTAMP'2007-01-01 00:00:00.0',TIMESTAMP'9999-12-31 00:00:00.0',TIMESTAMP'2007-07-12 13:00:22.0');

INSERT INTO THE.CLIENT_UPDATE_REASON_CODE (CLIENT_UPDATE_REASON_CODE,DESCRIPTION,EFFECTIVE_DATE,EXPIRY_DATE,UPDATE_TIMESTAMP) VALUES ('BKR','Bankruptcy',TIMESTAMP'2007-01-01 00:00:00.0',TIMESTAMP'9999-12-31 00:00:00.0',TIMESTAMP'2007-12-19 09:13:27.0');
INSERT INTO THE.CLIENT_UPDATE_REASON_CODE (CLIENT_UPDATE_REASON_CODE,DESCRIPTION,EFFECTIVE_DATE,EXPIRY_DATE,UPDATE_TIMESTAMP) VALUES ('CNTI','Continuation In',TIMESTAMP'2007-08-01 00:00:00.0',TIMESTAMP'9999-12-31 00:00:00.0',TIMESTAMP'2007-12-19 09:13:27.0');
INSERT INTO THE.CLIENT_UPDATE_REASON_CODE (CLIENT_UPDATE_REASON_CODE,DESCRIPTION,EFFECTIVE_DATE,EXPIRY_DATE,UPDATE_TIMESTAMP) VALUES ('CNTO','Continuation Out',TIMESTAMP'2007-08-02 00:00:00.0',TIMESTAMP'9999-12-31 00:00:00.0',TIMESTAMP'2007-12-19 09:13:27.0');
INSERT INTO THE.CLIENT_UPDATE_REASON_CODE (CLIENT_UPDATE_REASON_CODE,DESCRIPTION,EFFECTIVE_DATE,EXPIRY_DATE,UPDATE_TIMESTAMP) VALUES ('CORR','Correction',TIMESTAMP'2007-01-01 00:00:00.0',TIMESTAMP'9999-12-31 00:00:00.0',TIMESTAMP'2007-12-19 09:13:27.0');
INSERT INTO THE.CLIENT_UPDATE_REASON_CODE (CLIENT_UPDATE_REASON_CODE,DESCRIPTION,EFFECTIVE_DATE,EXPIRY_DATE,UPDATE_TIMESTAMP) VALUES ('DEC','Deceased',TIMESTAMP'2007-08-02 00:00:00.0',TIMESTAMP'9999-12-31 00:00:00.0',TIMESTAMP'2007-12-19 09:13:27.0');
INSERT INTO THE.CLIENT_UPDATE_REASON_CODE (CLIENT_UPDATE_REASON_CODE,DESCRIPTION,EFFECTIVE_DATE,EXPIRY_DATE,UPDATE_TIMESTAMP) VALUES ('DIS','Dissolved',TIMESTAMP'2007-01-01 00:00:00.0',TIMESTAMP'9999-12-31 00:00:00.0',TIMESTAMP'2007-12-19 09:13:27.0');
INSERT INTO THE.CLIENT_UPDATE_REASON_CODE (CLIENT_UPDATE_REASON_CODE,DESCRIPTION,EFFECTIVE_DATE,EXPIRY_DATE,UPDATE_TIMESTAMP) VALUES ('DUPL','Duplicate Client',TIMESTAMP'2007-01-01 00:00:00.0',TIMESTAMP'9999-12-31 00:00:00.0',TIMESTAMP'2007-12-19 09:13:27.0');
INSERT INTO THE.CLIENT_UPDATE_REASON_CODE (CLIENT_UPDATE_REASON_CODE,DESCRIPTION,EFFECTIVE_DATE,EXPIRY_DATE,UPDATE_TIMESTAMP) VALUES ('EXEC','Executor Acting on Behalf of Deceased Client',TIMESTAMP'2007-01-01 00:00:00.0',TIMESTAMP'9999-12-31 00:00:00.0',TIMESTAMP'2007-12-19 09:13:27.0');
INSERT INTO THE.CLIENT_UPDATE_REASON_CODE (CLIENT_UPDATE_REASON_CODE,DESCRIPTION,EFFECTIVE_DATE,EXPIRY_DATE,UPDATE_TIMESTAMP) VALUES ('IBKR','Bankruptcy in Progress',TIMESTAMP'2007-07-27 00:00:00.0',TIMESTAMP'9999-12-31 00:00:00.0',TIMESTAMP'2007-12-19 09:13:27.0');
INSERT INTO THE.CLIENT_UPDATE_REASON_CODE (CLIENT_UPDATE_REASON_CODE,DESCRIPTION,EFFECTIVE_DATE,EXPIRY_DATE,UPDATE_TIMESTAMP) VALUES ('IDIS','Dissolution in Progress',TIMESTAMP'2007-07-27 00:00:00.0',TIMESTAMP'9999-12-31 00:00:00.0',TIMESTAMP'2007-12-19 09:13:27.0');
INSERT INTO THE.CLIENT_UPDATE_REASON_CODE (CLIENT_UPDATE_REASON_CODE,DESCRIPTION,EFFECTIVE_DATE,EXPIRY_DATE,UPDATE_TIMESTAMP) VALUES ('IEST','Estate in Progress',TIMESTAMP'2007-07-27 00:00:00.0',TIMESTAMP'9999-12-31 00:00:00.0',TIMESTAMP'2007-12-19 09:13:27.0');
INSERT INTO THE.CLIENT_UPDATE_REASON_CODE (CLIENT_UPDATE_REASON_CODE,DESCRIPTION,EFFECTIVE_DATE,EXPIRY_DATE,UPDATE_TIMESTAMP) VALUES ('IREC','Receivership In Progress',TIMESTAMP'2007-07-27 00:00:00.0',TIMESTAMP'9999-12-31 00:00:00.0',TIMESTAMP'2007-12-19 09:13:27.0');
INSERT INTO THE.CLIENT_UPDATE_REASON_CODE (CLIENT_UPDATE_REASON_CODE,DESCRIPTION,EFFECTIVE_DATE,EXPIRY_DATE,UPDATE_TIMESTAMP) VALUES ('LNAM','Legal Name Change',TIMESTAMP'2007-01-01 00:00:00.0',TIMESTAMP'9999-12-31 00:00:00.0',TIMESTAMP'2007-12-19 09:13:27.0');
INSERT INTO THE.CLIENT_UPDATE_REASON_CODE (CLIENT_UPDATE_REASON_CODE,DESCRIPTION,EFFECTIVE_DATE,EXPIRY_DATE,UPDATE_TIMESTAMP) VALUES ('MOVE','Moved',TIMESTAMP'2007-01-01 00:00:00.0',TIMESTAMP'9999-12-31 00:00:00.0',TIMESTAMP'2007-12-19 09:13:27.0');
INSERT INTO THE.CLIENT_UPDATE_REASON_CODE (CLIENT_UPDATE_REASON_CODE,DESCRIPTION,EFFECTIVE_DATE,EXPIRY_DATE,UPDATE_TIMESTAMP) VALUES ('NLDB','No Longer Doing Business with MoFR',TIMESTAMP'2007-01-01 00:00:00.0',TIMESTAMP'9999-12-31 00:00:00.0',TIMESTAMP'2007-12-19 09:13:27.0');
INSERT INTO THE.CLIENT_UPDATE_REASON_CODE (CLIENT_UPDATE_REASON_CODE,DESCRIPTION,EFFECTIVE_DATE,EXPIRY_DATE,UPDATE_TIMESTAMP) VALUES ('OBLG','Obligation Satisfied',TIMESTAMP'2007-01-01 00:00:00.0',TIMESTAMP'9999-12-31 00:00:00.0',TIMESTAMP'2007-12-19 09:13:27.0');
INSERT INTO THE.CLIENT_UPDATE_REASON_CODE (CLIENT_UPDATE_REASON_CODE,DESCRIPTION,EFFECTIVE_DATE,EXPIRY_DATE,UPDATE_TIMESTAMP) VALUES ('REC','Receivership',TIMESTAMP'2007-07-27 00:00:00.0',TIMESTAMP'9999-12-31 00:00:00.0',TIMESTAMP'2007-12-19 09:13:27.0');
INSERT INTO THE.CLIENT_UPDATE_REASON_CODE (CLIENT_UPDATE_REASON_CODE,DESCRIPTION,EFFECTIVE_DATE,EXPIRY_DATE,UPDATE_TIMESTAMP) VALUES ('REID','Replacement ID',TIMESTAMP'2007-01-01 00:00:00.0',TIMESTAMP'9999-12-31 00:00:00.0',TIMESTAMP'2007-12-19 09:13:27.0');
INSERT INTO THE.CLIENT_UPDATE_REASON_CODE (CLIENT_UPDATE_REASON_CODE,DESCRIPTION,EFFECTIVE_DATE,EXPIRY_DATE,UPDATE_TIMESTAMP) VALUES ('RORG','Company Reorganization',TIMESTAMP'2007-01-01 00:00:00.0',TIMESTAMP'9999-12-31 00:00:00.0',TIMESTAMP'2007-12-19 09:13:27.0');
INSERT INTO THE.CLIENT_UPDATE_REASON_CODE (CLIENT_UPDATE_REASON_CODE,DESCRIPTION,EFFECTIVE_DATE,EXPIRY_DATE,UPDATE_TIMESTAMP) VALUES ('RSPN','Related to a Suspended Client',TIMESTAMP'2007-10-22 00:00:00.0',TIMESTAMP'9999-12-31 00:00:00.0',TIMESTAMP'2007-12-19 09:13:27.0');
INSERT INTO THE.CLIENT_UPDATE_REASON_CODE (CLIENT_UPDATE_REASON_CODE,DESCRIPTION,EFFECTIVE_DATE,EXPIRY_DATE,UPDATE_TIMESTAMP) VALUES ('TEMP','Temporary Process',TIMESTAMP'2007-01-01 00:00:00.0',TIMESTAMP'9999-12-31 00:00:00.0',TIMESTAMP'2007-12-19 09:13:27.0');
INSERT INTO THE.CLIENT_UPDATE_REASON_CODE (CLIENT_UPDATE_REASON_CODE,DESCRIPTION,EFFECTIVE_DATE,EXPIRY_DATE,UPDATE_TIMESTAMP) VALUES ('VFIN','Violation - Financial',TIMESTAMP'2007-01-01 00:00:00.0',TIMESTAMP'9999-12-31 00:00:00.0',TIMESTAMP'2007-12-19 09:13:27.0');
INSERT INTO THE.CLIENT_UPDATE_REASON_CODE (CLIENT_UPDATE_REASON_CODE,DESCRIPTION,EFFECTIVE_DATE,EXPIRY_DATE,UPDATE_TIMESTAMP) VALUES ('VTEN','Violation - Tenure',TIMESTAMP'2007-01-01 00:00:00.0',TIMESTAMP'9999-12-31 00:00:00.0',TIMESTAMP'2007-12-19 09:13:27.0');

INSERT INTO THE.MAILING_COUNTRY (COUNTRY_NAME,COUNTRY_CODE) VALUES ('BRAZIL','BR');
INSERT INTO THE.MAILING_COUNTRY (COUNTRY_NAME,COUNTRY_CODE) VALUES ('CANADA','CA');
INSERT INTO THE.MAILING_COUNTRY (COUNTRY_NAME,COUNTRY_CODE) VALUES ('COLOMBIA','CO');
INSERT INTO THE.MAILING_COUNTRY (COUNTRY_NAME,COUNTRY_CODE) VALUES ('USA','US');

INSERT INTO THE.MAILING_PROVINCE_STATE (COUNTRY_NAME, PROVINCE_STATE_NAME, PROVINCE_STATE_CODE) VALUES('CANADA', 'British Columbia', 'BC');
INSERT INTO THE.MAILING_PROVINCE_STATE (COUNTRY_NAME, PROVINCE_STATE_NAME, PROVINCE_STATE_CODE) VALUES('USA', 'Washington', 'WA');
INSERT INTO THE.MAILING_PROVINCE_STATE (COUNTRY_NAME, PROVINCE_STATE_NAME, PROVINCE_STATE_CODE) VALUES('BRAZIL', 'Sao Paulo', 'SP');

INSERT INTO THE.MAILING_CITY (COUNTRY_NAME,PROVINCE_STATE_NAME,CITY_NAME) VALUES ('CANADA','British Columbia','VICTORIA');
INSERT INTO THE.MAILING_CITY (COUNTRY_NAME,PROVINCE_STATE_NAME,CITY_NAME) VALUES ('USA','Washington','SEATTLE');
INSERT INTO THE.MAILING_CITY (COUNTRY_NAME,PROVINCE_STATE_NAME,CITY_NAME) VALUES ('BRAZIL','Sao Paulo','CAMPINAS');

INSERT INTO THE.ORG_UNIT (ORG_UNIT_NO,ORG_UNIT_CODE,ORG_UNIT_NAME,LOCATION_CODE,AREA_CODE,TELEPHONE_NO,ORG_LEVEL_CODE,OFFICE_NAME_CODE,ROLLUP_REGION_NO,ROLLUP_REGION_CODE,ROLLUP_DIST_NO,ROLLUP_DIST_CODE,EFFECTIVE_DATE,EXPIRY_DATE,UPDATE_TIMESTAMP) VALUES (1,'DEV','Development Team','010','250','3871701','H','VA',0,' ',0,' ',TIMESTAMP'1905-01-01 00:00:00.0',TIMESTAMP'9999-12-31 00:00:00.0',TIMESTAMP'2011-08-29 15:49:08.0');
INSERT INTO THE.ORG_UNIT (ORG_UNIT_NO,ORG_UNIT_CODE,ORG_UNIT_NAME,LOCATION_CODE,AREA_CODE,TELEPHONE_NO,ORG_LEVEL_CODE,OFFICE_NAME_CODE,ROLLUP_REGION_NO,ROLLUP_REGION_CODE,ROLLUP_DIST_NO,ROLLUP_DIST_CODE,EFFECTIVE_DATE,EXPIRY_DATE,UPDATE_TIMESTAMP) VALUES (70,'HVA','Timber Pricing Branch','010','250','3871701','H','VA',0,' ',0,' ',TIMESTAMP'1905-01-01 00:00:00.0',TIMESTAMP'9999-12-31 00:00:00.0',TIMESTAMP'2011-08-29 15:49:08.0');
