INSERT INTO THE.BUSINESS_CONTACT_CODE (BUSINESS_CONTACT_CODE,DESCRIPTION,EFFECTIVE_DATE,EXPIRY_DATE,UPDATE_TIMESTAMP) VALUES ('AP','Accounts Payable',TIMESTAMP'1905-01-01 00:00:00.0',TIMESTAMP'9999-12-31 00:00:00.0',TIMESTAMP'2016-03-11 09:35:17.0');
INSERT INTO THE.BUSINESS_CONTACT_CODE (BUSINESS_CONTACT_CODE,DESCRIPTION,EFFECTIVE_DATE,EXPIRY_DATE,UPDATE_TIMESTAMP) VALUES ('AR','Accounts Receivable',TIMESTAMP'1905-01-01 00:00:00.0',TIMESTAMP'9999-12-31 00:00:00.0',TIMESTAMP'2016-03-11 09:35:17.0');
INSERT INTO THE.BUSINESS_CONTACT_CODE (BUSINESS_CONTACT_CODE,DESCRIPTION,EFFECTIVE_DATE,EXPIRY_DATE,UPDATE_TIMESTAMP) VALUES ('BA','First Nations Administrator',TIMESTAMP'2007-10-11 00:00:00.0',TIMESTAMP'9999-12-31 00:00:00.0',TIMESTAMP'2016-03-11 09:35:17.0');
INSERT INTO THE.BUSINESS_CONTACT_CODE (BUSINESS_CONTACT_CODE,DESCRIPTION,EFFECTIVE_DATE,EXPIRY_DATE,UPDATE_TIMESTAMP) VALUES ('BC','First Nations Council Member',TIMESTAMP'2007-10-11 00:00:00.0',TIMESTAMP'9999-12-31 00:00:00.0',TIMESTAMP'2016-03-11 09:35:17.0');
INSERT INTO THE.BUSINESS_CONTACT_CODE (BUSINESS_CONTACT_CODE,DESCRIPTION,EFFECTIVE_DATE,EXPIRY_DATE,UPDATE_TIMESTAMP) VALUES ('BL','Billing',TIMESTAMP'1905-01-01 00:00:00.0',TIMESTAMP'9999-12-31 00:00:00.0',TIMESTAMP'2016-03-11 09:35:17.0');
INSERT INTO THE.BUSINESS_CONTACT_CODE (BUSINESS_CONTACT_CODE,DESCRIPTION,EFFECTIVE_DATE,EXPIRY_DATE,UPDATE_TIMESTAMP) VALUES ('BM','First Nations Manager',TIMESTAMP'2007-10-11 00:00:00.0',TIMESTAMP'9999-12-31 00:00:00.0',TIMESTAMP'2016-03-11 09:35:17.0');
INSERT INTO THE.BUSINESS_CONTACT_CODE (BUSINESS_CONTACT_CODE,DESCRIPTION,EFFECTIVE_DATE,EXPIRY_DATE,UPDATE_TIMESTAMP) VALUES ('BN','First Nations Treaty Negotiator',TIMESTAMP'2007-10-11 00:00:00.0',TIMESTAMP'9999-12-31 00:00:00.0',TIMESTAMP'2016-03-11 09:35:17.0');
INSERT INTO THE.BUSINESS_CONTACT_CODE (BUSINESS_CONTACT_CODE,DESCRIPTION,EFFECTIVE_DATE,EXPIRY_DATE,UPDATE_TIMESTAMP) VALUES ('CH','Chief',TIMESTAMP'2007-10-11 00:00:00.0',TIMESTAMP'9999-12-31 00:00:00.0',TIMESTAMP'2016-03-11 09:35:17.0');
INSERT INTO THE.BUSINESS_CONTACT_CODE (BUSINESS_CONTACT_CODE,DESCRIPTION,EFFECTIVE_DATE,EXPIRY_DATE,UPDATE_TIMESTAMP) VALUES ('CL','Collections',TIMESTAMP'1905-01-01 00:00:00.0',TIMESTAMP'9999-12-31 00:00:00.0',TIMESTAMP'2016-03-11 09:35:17.0');
INSERT INTO THE.BUSINESS_CONTACT_CODE (BUSINESS_CONTACT_CODE,DESCRIPTION,EFFECTIVE_DATE,EXPIRY_DATE,UPDATE_TIMESTAMP) VALUES ('DI','Director',TIMESTAMP'2005-02-17 00:00:00.0',TIMESTAMP'9999-12-31 00:00:00.0',TIMESTAMP'2016-03-11 09:35:17.0');
INSERT INTO THE.BUSINESS_CONTACT_CODE (BUSINESS_CONTACT_CODE,DESCRIPTION,EFFECTIVE_DATE,EXPIRY_DATE,UPDATE_TIMESTAMP) VALUES ('EX','Export',TIMESTAMP'1905-01-01 00:00:00.0',TIMESTAMP'9999-12-31 00:00:00.0',TIMESTAMP'2016-03-11 09:35:17.0');
INSERT INTO THE.BUSINESS_CONTACT_CODE (BUSINESS_CONTACT_CODE,DESCRIPTION,EFFECTIVE_DATE,EXPIRY_DATE,UPDATE_TIMESTAMP) VALUES ('GP','General Partner',TIMESTAMP'2006-11-21 00:00:00.0',TIMESTAMP'9999-12-31 00:00:00.0',TIMESTAMP'2016-03-11 09:35:17.0');
INSERT INTO THE.BUSINESS_CONTACT_CODE (BUSINESS_CONTACT_CODE,DESCRIPTION,EFFECTIVE_DATE,EXPIRY_DATE,UPDATE_TIMESTAMP) VALUES ('IL','Interior Log Cost Reporting',TIMESTAMP'2015-04-01 00:00:00.0',TIMESTAMP'9999-12-31 00:00:00.0',TIMESTAMP'2016-03-11 09:35:17.0');
INSERT INTO THE.BUSINESS_CONTACT_CODE (BUSINESS_CONTACT_CODE,DESCRIPTION,EFFECTIVE_DATE,EXPIRY_DATE,UPDATE_TIMESTAMP) VALUES ('LB','Log Broker',TIMESTAMP'1905-01-01 00:00:00.0',TIMESTAMP'9999-12-31 00:00:00.0',TIMESTAMP'2016-03-11 09:35:17.0');
INSERT INTO THE.BUSINESS_CONTACT_CODE (BUSINESS_CONTACT_CODE,DESCRIPTION,EFFECTIVE_DATE,EXPIRY_DATE,UPDATE_TIMESTAMP) VALUES ('LP','Limited Partner',TIMESTAMP'2006-11-21 00:00:00.0',TIMESTAMP'9999-12-31 00:00:00.0',TIMESTAMP'2016-03-11 09:35:17.0');
INSERT INTO THE.BUSINESS_CONTACT_CODE (BUSINESS_CONTACT_CODE,DESCRIPTION,EFFECTIVE_DATE,EXPIRY_DATE,UPDATE_TIMESTAMP) VALUES ('RC','Recreation Agreement Holder',TIMESTAMP'2005-03-21 00:00:00.0',TIMESTAMP'9999-12-31 00:00:00.0',TIMESTAMP'2016-03-11 09:35:17.0');
INSERT INTO THE.BUSINESS_CONTACT_CODE (BUSINESS_CONTACT_CODE,DESCRIPTION,EFFECTIVE_DATE,EXPIRY_DATE,UPDATE_TIMESTAMP) VALUES ('SI','Scale Site Contact',TIMESTAMP'2007-08-02 00:00:00.0',TIMESTAMP'9999-12-31 00:00:00.0',TIMESTAMP'2016-03-11 09:35:17.0');
INSERT INTO THE.BUSINESS_CONTACT_CODE (BUSINESS_CONTACT_CODE,DESCRIPTION,EFFECTIVE_DATE,EXPIRY_DATE,UPDATE_TIMESTAMP) VALUES ('SP','SPAR System Contact',TIMESTAMP'1905-01-01 00:00:00.0',TIMESTAMP'9999-12-31 00:00:00.0',TIMESTAMP'2016-03-11 09:35:17.0');
INSERT INTO THE.BUSINESS_CONTACT_CODE (BUSINESS_CONTACT_CODE,DESCRIPTION,EFFECTIVE_DATE,EXPIRY_DATE,UPDATE_TIMESTAMP) VALUES ('SR','Stumpage Rates',TIMESTAMP'1905-01-01 00:00:00.0',TIMESTAMP'9999-12-31 00:00:00.0',TIMESTAMP'2016-03-11 09:35:17.0');
INSERT INTO THE.BUSINESS_CONTACT_CODE (BUSINESS_CONTACT_CODE,DESCRIPTION,EFFECTIVE_DATE,EXPIRY_DATE,UPDATE_TIMESTAMP) VALUES ('SS','Scaling Software Vendor Contact',TIMESTAMP'2001-09-12 00:00:00.0',TIMESTAMP'9999-12-31 00:00:00.0',TIMESTAMP'2016-03-11 09:35:17.0');
INSERT INTO THE.BUSINESS_CONTACT_CODE (BUSINESS_CONTACT_CODE,DESCRIPTION,EFFECTIVE_DATE,EXPIRY_DATE,UPDATE_TIMESTAMP) VALUES ('TC','BCTS Contractor',TIMESTAMP'2003-04-16 00:00:00.0',TIMESTAMP'9999-12-31 00:00:00.0',TIMESTAMP'2016-03-11 09:35:17.0');
INSERT INTO THE.BUSINESS_CONTACT_CODE (BUSINESS_CONTACT_CODE,DESCRIPTION,EFFECTIVE_DATE,EXPIRY_DATE,UPDATE_TIMESTAMP) VALUES ('TN','Tenure Administration',TIMESTAMP'1905-01-01 00:00:00.0',TIMESTAMP'9999-12-31 00:00:00.0',TIMESTAMP'2016-03-11 09:35:17.0');
INSERT INTO THE.BUSINESS_CONTACT_CODE (BUSINESS_CONTACT_CODE,DESCRIPTION,EFFECTIVE_DATE,EXPIRY_DATE,UPDATE_TIMESTAMP) VALUES ('TP','EDI Trading Partner',TIMESTAMP'2000-07-25 00:00:00.0',TIMESTAMP'9999-12-31 00:00:00.0',TIMESTAMP'2016-03-11 09:35:17.0');

INSERT INTO THE.CLIENT_AUDIT_CODE (CLIENT_AUDIT_CODE,DESCRIPTION,EFFECTIVE_DATE,EXPIRY_DATE,UPDATE_TIMESTAMP) VALUES ('DEL','Delete',TIMESTAMP'1905-01-01 00:00:00.0',TIMESTAMP'9999-12-31 00:00:00.0',TIMESTAMP'2007-03-14 14:43:00.0');
INSERT INTO THE.CLIENT_AUDIT_CODE (CLIENT_AUDIT_CODE,DESCRIPTION,EFFECTIVE_DATE,EXPIRY_DATE,UPDATE_TIMESTAMP) VALUES ('INS','Insert',TIMESTAMP'1905-01-01 00:00:00.0',TIMESTAMP'9999-12-31 00:00:00.0',TIMESTAMP'2007-03-14 14:43:00.0');
INSERT INTO THE.CLIENT_AUDIT_CODE (CLIENT_AUDIT_CODE,DESCRIPTION,EFFECTIVE_DATE,EXPIRY_DATE,UPDATE_TIMESTAMP) VALUES ('UPD','Update',TIMESTAMP'1905-01-01 00:00:00.0',TIMESTAMP'9999-12-31 00:00:00.0',TIMESTAMP'2007-03-14 14:43:00.0');

INSERT INTO THE.CLIENT_ID_TYPE_CODE (CLIENT_ID_TYPE_CODE,DESCRIPTION,EFFECTIVE_DATE,EXPIRY_DATE,UPDATE_TIMESTAMP) VALUES ('BCDL','British Columbia Drivers Licence',TIMESTAMP'2007-01-01 00:00:00.0',TIMESTAMP'9999-12-31 00:00:00.0',TIMESTAMP'2007-07-12 13:00:40.0');
INSERT INTO THE.CLIENT_ID_TYPE_CODE (CLIENT_ID_TYPE_CODE,DESCRIPTION,EFFECTIVE_DATE,EXPIRY_DATE,UPDATE_TIMESTAMP) VALUES ('BCID','British Columbia Identification',TIMESTAMP'2007-01-01 00:00:00.0',TIMESTAMP'9999-12-31 00:00:00.0',TIMESTAMP'2007-07-12 13:00:40.0');
INSERT INTO THE.CLIENT_ID_TYPE_CODE (CLIENT_ID_TYPE_CODE,DESCRIPTION,EFFECTIVE_DATE,EXPIRY_DATE,UPDATE_TIMESTAMP) VALUES ('BRTH','Birth Certificate',TIMESTAMP'2007-01-01 00:00:00.0',TIMESTAMP'9999-12-31 00:00:00.0',TIMESTAMP'2007-07-12 13:00:40.0');
INSERT INTO THE.CLIENT_ID_TYPE_CODE (CLIENT_ID_TYPE_CODE,DESCRIPTION,EFFECTIVE_DATE,EXPIRY_DATE,UPDATE_TIMESTAMP) VALUES ('CITZ','Citizenship Card',TIMESTAMP'2007-01-01 00:00:00.0',TIMESTAMP'9999-12-31 00:00:00.0',TIMESTAMP'2007-07-12 13:00:40.0');
INSERT INTO THE.CLIENT_ID_TYPE_CODE (CLIENT_ID_TYPE_CODE,DESCRIPTION,EFFECTIVE_DATE,EXPIRY_DATE,UPDATE_TIMESTAMP) VALUES ('EXDL','Extraprovincial Drivers Licence',TIMESTAMP'2007-01-01 00:00:00.0',TIMESTAMP'9999-12-31 00:00:00.0',TIMESTAMP'2007-07-12 13:00:40.0');
INSERT INTO THE.CLIENT_ID_TYPE_CODE (CLIENT_ID_TYPE_CODE,DESCRIPTION,EFFECTIVE_DATE,EXPIRY_DATE,UPDATE_TIMESTAMP) VALUES ('FNID','First Nation Status ID',TIMESTAMP'2007-01-01 00:00:00.0',TIMESTAMP'9999-12-31 00:00:00.0',TIMESTAMP'2007-07-12 13:00:40.0');
INSERT INTO THE.CLIENT_ID_TYPE_CODE (CLIENT_ID_TYPE_CODE,DESCRIPTION,EFFECTIVE_DATE,EXPIRY_DATE,UPDATE_TIMESTAMP) VALUES ('MILI','Canadian Military ID',TIMESTAMP'2007-01-01 00:00:00.0',TIMESTAMP'9999-12-31 00:00:00.0',TIMESTAMP'2007-07-12 13:00:40.0');
INSERT INTO THE.CLIENT_ID_TYPE_CODE (CLIENT_ID_TYPE_CODE,DESCRIPTION,EFFECTIVE_DATE,EXPIRY_DATE,UPDATE_TIMESTAMP) VALUES ('OTHR','Other Identification',TIMESTAMP'2007-01-01 00:00:00.0',TIMESTAMP'9999-12-31 00:00:00.0',TIMESTAMP'2007-07-12 13:00:40.0');
INSERT INTO THE.CLIENT_ID_TYPE_CODE (CLIENT_ID_TYPE_CODE,DESCRIPTION,EFFECTIVE_DATE,EXPIRY_DATE,UPDATE_TIMESTAMP) VALUES ('PASS','Canadian Passport',TIMESTAMP'2007-01-01 00:00:00.0',TIMESTAMP'9999-12-31 00:00:00.0',TIMESTAMP'2007-07-12 13:00:40.0');
INSERT INTO THE.CLIENT_ID_TYPE_CODE (CLIENT_ID_TYPE_CODE,DESCRIPTION,EFFECTIVE_DATE,EXPIRY_DATE,UPDATE_TIMESTAMP) VALUES ('UNKN','Unknown',TIMESTAMP'2007-01-01 00:00:00.0',TIMESTAMP'9999-12-31 00:00:00.0',TIMESTAMP'2007-07-12 13:00:40.0');

INSERT INTO THE.CLIENT_RELATIONSHIP_CODE (CLIENT_RELATIONSHIP_CODE,DESCRIPTION,EFFECTIVE_DATE,EXPIRY_DATE,UPDATE_TIMESTAMP) VALUES ('AF','Obsolete - Amalgamated from',TIMESTAMP'2005-09-05 00:00:00.0',TIMESTAMP'2007-03-31 00:00:00.0',TIMESTAMP'2009-03-10 14:10:14.0');
INSERT INTO THE.CLIENT_RELATIONSHIP_CODE (CLIENT_RELATIONSHIP_CODE,DESCRIPTION,EFFECTIVE_DATE,EXPIRY_DATE,UPDATE_TIMESTAMP) VALUES ('AT','Obsolete - Amalgamated To',TIMESTAMP'2005-09-05 00:00:00.0',TIMESTAMP'2007-03-31 00:00:00.0',TIMESTAMP'2009-03-10 14:10:14.0');
INSERT INTO THE.CLIENT_RELATIONSHIP_CODE (CLIENT_RELATIONSHIP_CODE,DESCRIPTION,EFFECTIVE_DATE,EXPIRY_DATE,UPDATE_TIMESTAMP) VALUES ('PA','General Partner',TIMESTAMP'2005-09-05 00:00:00.0',TIMESTAMP'9999-12-31 00:00:00.0',TIMESTAMP'2009-03-10 14:10:14.0');
INSERT INTO THE.CLIENT_RELATIONSHIP_CODE (CLIENT_RELATIONSHIP_CODE,DESCRIPTION,EFFECTIVE_DATE,EXPIRY_DATE,UPDATE_TIMESTAMP) VALUES ('AG','Agent',TIMESTAMP'1905-01-01 00:00:00.0',TIMESTAMP'9999-12-31 00:00:00.0',TIMESTAMP'2009-03-10 14:10:14.0');
INSERT INTO THE.CLIENT_RELATIONSHIP_CODE (CLIENT_RELATIONSHIP_CODE,DESCRIPTION,EFFECTIVE_DATE,EXPIRY_DATE,UPDATE_TIMESTAMP) VALUES ('BR','Broker',TIMESTAMP'1905-01-01 00:00:00.0',TIMESTAMP'9999-12-31 00:00:00.0',TIMESTAMP'2009-03-10 14:10:14.0');
INSERT INTO THE.CLIENT_RELATIONSHIP_CODE (CLIENT_RELATIONSHIP_CODE,DESCRIPTION,EFFECTIVE_DATE,EXPIRY_DATE,UPDATE_TIMESTAMP) VALUES ('CL','Corporate Linkage',TIMESTAMP'1905-01-01 00:00:00.0',TIMESTAMP'9999-12-31 00:00:00.0',TIMESTAMP'2009-03-10 14:10:14.0');
INSERT INTO THE.CLIENT_RELATIONSHIP_CODE (CLIENT_RELATIONSHIP_CODE,DESCRIPTION,EFFECTIVE_DATE,EXPIRY_DATE,UPDATE_TIMESTAMP) VALUES ('DB','Does Business With',TIMESTAMP'1905-01-01 00:00:00.0',TIMESTAMP'9999-12-31 00:00:00.0',TIMESTAMP'2009-03-10 14:10:14.0');
INSERT INTO THE.CLIENT_RELATIONSHIP_CODE (CLIENT_RELATIONSHIP_CODE,DESCRIPTION,EFFECTIVE_DATE,EXPIRY_DATE,UPDATE_TIMESTAMP) VALUES ('FA','First Nations Company Affiliation',TIMESTAMP'2007-10-11 00:00:00.0',TIMESTAMP'9999-12-31 00:00:00.0',TIMESTAMP'2009-03-10 14:10:14.0');
INSERT INTO THE.CLIENT_RELATIONSHIP_CODE (CLIENT_RELATIONSHIP_CODE,DESCRIPTION,EFFECTIVE_DATE,EXPIRY_DATE,UPDATE_TIMESTAMP) VALUES ('FI','First Nations Member Owned',TIMESTAMP'2007-10-11 00:00:00.0',TIMESTAMP'9999-12-31 00:00:00.0',TIMESTAMP'2009-03-10 14:10:14.0');
INSERT INTO THE.CLIENT_RELATIONSHIP_CODE (CLIENT_RELATIONSHIP_CODE,DESCRIPTION,EFFECTIVE_DATE,EXPIRY_DATE,UPDATE_TIMESTAMP) VALUES ('FM','Family Member',TIMESTAMP'1905-01-01 00:00:00.0',TIMESTAMP'9999-12-31 00:00:00.0',TIMESTAMP'2009-03-10 14:10:14.0');
INSERT INTO THE.CLIENT_RELATIONSHIP_CODE (CLIENT_RELATIONSHIP_CODE,DESCRIPTION,EFFECTIVE_DATE,EXPIRY_DATE,UPDATE_TIMESTAMP) VALUES ('FO','First Nations Owned',TIMESTAMP'2007-10-11 00:00:00.0',TIMESTAMP'9999-12-31 00:00:00.0',TIMESTAMP'2009-03-10 14:10:14.0');
INSERT INTO THE.CLIENT_RELATIONSHIP_CODE (CLIENT_RELATIONSHIP_CODE,DESCRIPTION,EFFECTIVE_DATE,EXPIRY_DATE,UPDATE_TIMESTAMP) VALUES ('FP','First Nations Organizational Association',TIMESTAMP'2007-12-11 00:00:00.0',TIMESTAMP'9999-12-31 00:00:00.0',TIMESTAMP'2009-03-10 14:10:14.0');
INSERT INTO THE.CLIENT_RELATIONSHIP_CODE (CLIENT_RELATIONSHIP_CODE,DESCRIPTION,EFFECTIVE_DATE,EXPIRY_DATE,UPDATE_TIMESTAMP) VALUES ('JV','Joint Venture Participant',TIMESTAMP'1905-01-01 00:00:00.0',TIMESTAMP'9999-12-31 00:00:00.0',TIMESTAMP'2009-03-10 14:10:14.0');
INSERT INTO THE.CLIENT_RELATIONSHIP_CODE (CLIENT_RELATIONSHIP_CODE,DESCRIPTION,EFFECTIVE_DATE,EXPIRY_DATE,UPDATE_TIMESTAMP) VALUES ('OF','Officer',TIMESTAMP'1905-01-01 00:00:00.0',TIMESTAMP'9999-12-31 00:00:00.0',TIMESTAMP'2009-03-10 14:10:14.0');
INSERT INTO THE.CLIENT_RELATIONSHIP_CODE (CLIENT_RELATIONSHIP_CODE,DESCRIPTION,EFFECTIVE_DATE,EXPIRY_DATE,UPDATE_TIMESTAMP) VALUES ('SH','Shareholder',TIMESTAMP'1905-01-01 00:00:00.0',TIMESTAMP'9999-12-31 00:00:00.0',TIMESTAMP'2009-03-10 14:10:14.0');

INSERT INTO THE.CLIENT_REORG_AUDIT_CODE (CLIENT_REORG_AUDIT_CODE,DESCRIPTION,EFFECTIVE_DATE,EXPIRY_DATE,UPDATE_TIMESTAMP) VALUES ('DEL','Delete',TIMESTAMP'2001-11-19 00:00:00.0',TIMESTAMP'9999-12-31 00:00:00.0',TIMESTAMP'2006-11-01 08:32:25.0');
INSERT INTO THE.CLIENT_REORG_AUDIT_CODE (CLIENT_REORG_AUDIT_CODE,DESCRIPTION,EFFECTIVE_DATE,EXPIRY_DATE,UPDATE_TIMESTAMP) VALUES ('INS','Insert',TIMESTAMP'2001-11-19 00:00:00.0',TIMESTAMP'9999-12-31 00:00:00.0',TIMESTAMP'2006-11-01 08:32:25.0');
INSERT INTO THE.CLIENT_REORG_AUDIT_CODE (CLIENT_REORG_AUDIT_CODE,DESCRIPTION,EFFECTIVE_DATE,EXPIRY_DATE,UPDATE_TIMESTAMP) VALUES ('UPD','Update',TIMESTAMP'2001-11-19 00:00:00.0',TIMESTAMP'9999-12-31 00:00:00.0',TIMESTAMP'2006-11-01 08:32:25.0');

INSERT INTO THE.CLIENT_REORG_STATUS_CODE (CLIENT_REORG_STATUS_CODE,DESCRIPTION,EFFECTIVE_DATE,EXPIRY_DATE,UPDATE_TIMESTAMP) VALUES ('APP','Approved',TIMESTAMP'1905-01-01 00:00:00.0',TIMESTAMP'9999-12-31 00:00:00.0',TIMESTAMP'2006-11-01 08:32:54.0');
INSERT INTO THE.CLIENT_REORG_STATUS_CODE (CLIENT_REORG_STATUS_CODE,DESCRIPTION,EFFECTIVE_DATE,EXPIRY_DATE,UPDATE_TIMESTAMP) VALUES ('CAN','Cancelled',TIMESTAMP'1905-01-01 00:00:00.0',TIMESTAMP'9999-12-31 00:00:00.0',TIMESTAMP'2006-11-01 08:32:54.0');
INSERT INTO THE.CLIENT_REORG_STATUS_CODE (CLIENT_REORG_STATUS_CODE,DESCRIPTION,EFFECTIVE_DATE,EXPIRY_DATE,UPDATE_TIMESTAMP) VALUES ('COM','Complete',TIMESTAMP'1905-01-01 00:00:00.0',TIMESTAMP'9999-12-31 00:00:00.0',TIMESTAMP'2006-11-01 08:32:54.0');
INSERT INTO THE.CLIENT_REORG_STATUS_CODE (CLIENT_REORG_STATUS_CODE,DESCRIPTION,EFFECTIVE_DATE,EXPIRY_DATE,UPDATE_TIMESTAMP) VALUES ('EXP','Expired',TIMESTAMP'1905-01-01 00:00:00.0',TIMESTAMP'9999-12-31 00:00:00.0',TIMESTAMP'2006-11-01 08:32:54.0');
INSERT INTO THE.CLIENT_REORG_STATUS_CODE (CLIENT_REORG_STATUS_CODE,DESCRIPTION,EFFECTIVE_DATE,EXPIRY_DATE,UPDATE_TIMESTAMP) VALUES ('PND','Pending',TIMESTAMP'1905-01-01 00:00:00.0',TIMESTAMP'9999-12-31 00:00:00.0',TIMESTAMP'2006-11-01 08:32:54.0');
INSERT INTO THE.CLIENT_REORG_STATUS_CODE (CLIENT_REORG_STATUS_CODE,DESCRIPTION,EFFECTIVE_DATE,EXPIRY_DATE,UPDATE_TIMESTAMP) VALUES ('PRC','Processing',TIMESTAMP'2001-10-22 00:00:00.0',TIMESTAMP'9999-12-31 00:00:00.0',TIMESTAMP'2006-11-01 08:32:54.0');

INSERT INTO THE.CLIENT_REORG_TYPE_CODE (CLIENT_REORG_TYPE_CODE,DESCRIPTION,EFFECTIVE_DATE,EXPIRY_DATE,UPDATE_TIMESTAMP) VALUES ('ACQU','Acquisition',TIMESTAMP'2006-08-23 00:00:00.0',TIMESTAMP'9999-12-31 00:00:00.0',TIMESTAMP'2006-11-01 08:33:23.0');
INSERT INTO THE.CLIENT_REORG_TYPE_CODE (CLIENT_REORG_TYPE_CODE,DESCRIPTION,EFFECTIVE_DATE,EXPIRY_DATE,UPDATE_TIMESTAMP) VALUES ('AMAL','Amalgamation',TIMESTAMP'2006-08-23 00:00:00.0',TIMESTAMP'9999-12-31 00:00:00.0',TIMESTAMP'2006-11-01 08:33:23.0');

INSERT INTO THE.CLIENT_STATUS_CODE (CLIENT_STATUS_CODE,DESCRIPTION,EFFECTIVE_DATE,EXPIRY_DATE,UPDATE_TIMESTAMP) VALUES ('ACT','Active',TIMESTAMP'1905-01-01 00:00:00.0',TIMESTAMP'9999-12-31 00:00:00.0',TIMESTAMP'2007-03-14 14:42:21.0');
INSERT INTO THE.CLIENT_STATUS_CODE (CLIENT_STATUS_CODE,DESCRIPTION,EFFECTIVE_DATE,EXPIRY_DATE,UPDATE_TIMESTAMP) VALUES ('DAC','Deactivated',TIMESTAMP'1905-01-01 00:00:00.0',TIMESTAMP'9999-12-31 00:00:00.0',TIMESTAMP'2007-03-14 14:42:21.0');
INSERT INTO THE.CLIENT_STATUS_CODE (CLIENT_STATUS_CODE,DESCRIPTION,EFFECTIVE_DATE,EXPIRY_DATE,UPDATE_TIMESTAMP) VALUES ('DEC','Deceased',TIMESTAMP'1905-01-01 00:00:00.0',TIMESTAMP'9999-12-31 00:00:00.0',TIMESTAMP'2007-03-14 14:42:21.0');
INSERT INTO THE.CLIENT_STATUS_CODE (CLIENT_STATUS_CODE,DESCRIPTION,EFFECTIVE_DATE,EXPIRY_DATE,UPDATE_TIMESTAMP) VALUES ('REC','Receivership',TIMESTAMP'1905-01-01 00:00:00.0',TIMESTAMP'9999-12-31 00:00:00.0',TIMESTAMP'2007-03-14 14:42:21.0');
INSERT INTO THE.CLIENT_STATUS_CODE (CLIENT_STATUS_CODE,DESCRIPTION,EFFECTIVE_DATE,EXPIRY_DATE,UPDATE_TIMESTAMP) VALUES ('SPN','Suspended',TIMESTAMP'1905-01-01 00:00:00.0',TIMESTAMP'9999-12-31 00:00:00.0',TIMESTAMP'2007-03-14 14:42:21.0');

INSERT INTO THE.CLIENT_TYPE_CODE (CLIENT_TYPE_CODE,DESCRIPTION,EFFECTIVE_DATE,EXPIRY_DATE,UPDATE_TIMESTAMP) VALUES ('A','Association',TIMESTAMP'1905-01-01 00:00:00.0',TIMESTAMP'9999-12-31 00:00:00.0',TIMESTAMP'2009-03-17 16:17:35.0');
INSERT INTO THE.CLIENT_TYPE_CODE (CLIENT_TYPE_CODE,DESCRIPTION,EFFECTIVE_DATE,EXPIRY_DATE,UPDATE_TIMESTAMP) VALUES ('B','First Nation Band',TIMESTAMP'1905-01-01 00:00:00.0',TIMESTAMP'9999-12-31 00:00:00.0',TIMESTAMP'2009-03-17 16:17:35.0');
INSERT INTO THE.CLIENT_TYPE_CODE (CLIENT_TYPE_CODE,DESCRIPTION,EFFECTIVE_DATE,EXPIRY_DATE,UPDATE_TIMESTAMP) VALUES ('C','Corporation',TIMESTAMP'1905-01-01 00:00:00.0',TIMESTAMP'9999-12-31 00:00:00.0',TIMESTAMP'2009-03-17 16:17:35.0');
INSERT INTO THE.CLIENT_TYPE_CODE (CLIENT_TYPE_CODE,DESCRIPTION,EFFECTIVE_DATE,EXPIRY_DATE,UPDATE_TIMESTAMP) VALUES ('F','Ministry of Forests and Range',TIMESTAMP'1905-01-01 00:00:00.0',TIMESTAMP'9999-12-31 00:00:00.0',TIMESTAMP'2009-03-17 16:17:35.0');
INSERT INTO THE.CLIENT_TYPE_CODE (CLIENT_TYPE_CODE,DESCRIPTION,EFFECTIVE_DATE,EXPIRY_DATE,UPDATE_TIMESTAMP) VALUES ('G','Government',TIMESTAMP'1905-01-01 00:00:00.0',TIMESTAMP'9999-12-31 00:00:00.0',TIMESTAMP'2009-03-17 16:17:35.0');
INSERT INTO THE.CLIENT_TYPE_CODE (CLIENT_TYPE_CODE,DESCRIPTION,EFFECTIVE_DATE,EXPIRY_DATE,UPDATE_TIMESTAMP) VALUES ('I','Individual',TIMESTAMP'1905-01-01 00:00:00.0',TIMESTAMP'9999-12-31 00:00:00.0',TIMESTAMP'2009-03-17 16:17:35.0');
INSERT INTO THE.CLIENT_TYPE_CODE (CLIENT_TYPE_CODE,DESCRIPTION,EFFECTIVE_DATE,EXPIRY_DATE,UPDATE_TIMESTAMP) VALUES ('L','Limited Partnership',TIMESTAMP'2006-11-21 00:00:00.0',TIMESTAMP'9999-12-31 00:00:00.0',TIMESTAMP'2009-03-17 16:17:35.0');
INSERT INTO THE.CLIENT_TYPE_CODE (CLIENT_TYPE_CODE,DESCRIPTION,EFFECTIVE_DATE,EXPIRY_DATE,UPDATE_TIMESTAMP) VALUES ('P','General Partnership',TIMESTAMP'2009-03-11 00:00:00.0',TIMESTAMP'9999-12-31 00:00:00.0',TIMESTAMP'2009-03-17 16:17:35.0');
INSERT INTO THE.CLIENT_TYPE_CODE (CLIENT_TYPE_CODE,DESCRIPTION,EFFECTIVE_DATE,EXPIRY_DATE,UPDATE_TIMESTAMP) VALUES ('R','First Nation Group',TIMESTAMP'2007-10-11 00:00:00.0',TIMESTAMP'9999-12-31 00:00:00.0',TIMESTAMP'2009-03-17 16:17:35.0');
INSERT INTO THE.CLIENT_TYPE_CODE (CLIENT_TYPE_CODE,DESCRIPTION,EFFECTIVE_DATE,EXPIRY_DATE,UPDATE_TIMESTAMP) VALUES ('S','Society',TIMESTAMP'1905-01-01 00:00:00.0',TIMESTAMP'9999-12-31 00:00:00.0',TIMESTAMP'2009-03-17 16:17:35.0');
INSERT INTO THE.CLIENT_TYPE_CODE (CLIENT_TYPE_CODE,DESCRIPTION,EFFECTIVE_DATE,EXPIRY_DATE,UPDATE_TIMESTAMP) VALUES ('T','First Nation Tribal Council',TIMESTAMP'2007-10-11 00:00:00.0',TIMESTAMP'9999-12-31 00:00:00.0',TIMESTAMP'2009-03-17 16:17:35.0');
INSERT INTO THE.CLIENT_TYPE_CODE (CLIENT_TYPE_CODE,DESCRIPTION,EFFECTIVE_DATE,EXPIRY_DATE,UPDATE_TIMESTAMP) VALUES ('U','Unregistered Company',TIMESTAMP'1905-01-01 00:00:00.0',TIMESTAMP'9999-12-31 00:00:00.0',TIMESTAMP'2009-03-17 16:17:35.0');

INSERT INTO THE.REGISTRY_COMPANY_TYPE_CODE (REGISTRY_COMPANY_TYPE_CODE,DESCRIPTION,EFFECTIVE_DATE,EXPIRY_DATE,UPDATE_TIMESTAMP) VALUES ('A','Extraprovincial Company',TIMESTAMP'2007-01-01 00:00:00.0',TIMESTAMP'9999-12-31 00:00:00.0',TIMESTAMP'2008-02-28 09:50:45.0');
INSERT INTO THE.REGISTRY_COMPANY_TYPE_CODE (REGISTRY_COMPANY_TYPE_CODE,DESCRIPTION,EFFECTIVE_DATE,EXPIRY_DATE,UPDATE_TIMESTAMP) VALUES ('B','Extraprovincial Company',TIMESTAMP'2007-01-01 00:00:00.0',TIMESTAMP'9999-12-31 00:00:00.0',TIMESTAMP'2008-02-28 09:50:45.0');
INSERT INTO THE.REGISTRY_COMPANY_TYPE_CODE (REGISTRY_COMPANY_TYPE_CODE,DESCRIPTION,EFFECTIVE_DATE,EXPIRY_DATE,UPDATE_TIMESTAMP) VALUES ('BC','British Columbia Company',TIMESTAMP'2007-01-01 00:00:00.0',TIMESTAMP'9999-12-31 00:00:00.0',TIMESTAMP'2008-02-28 09:50:45.0');
INSERT INTO THE.REGISTRY_COMPANY_TYPE_CODE (REGISTRY_COMPANY_TYPE_CODE,DESCRIPTION,EFFECTIVE_DATE,EXPIRY_DATE,UPDATE_TIMESTAMP) VALUES ('C','Continuation In',TIMESTAMP'2007-08-01 00:00:00.0',TIMESTAMP'9999-12-31 00:00:00.0',TIMESTAMP'2008-02-28 09:50:45.0');
INSERT INTO THE.REGISTRY_COMPANY_TYPE_CODE (REGISTRY_COMPANY_TYPE_CODE,DESCRIPTION,EFFECTIVE_DATE,EXPIRY_DATE,UPDATE_TIMESTAMP) VALUES ('CP','Cooperative Association',TIMESTAMP'2007-01-01 00:00:00.0',TIMESTAMP'9999-12-31 00:00:00.0',TIMESTAMP'2008-02-28 09:50:45.0');
INSERT INTO THE.REGISTRY_COMPANY_TYPE_CODE (REGISTRY_COMPANY_TYPE_CODE,DESCRIPTION,EFFECTIVE_DATE,EXPIRY_DATE,UPDATE_TIMESTAMP) VALUES ('DINA','Federal First Nations ID',TIMESTAMP'2007-10-11 00:00:00.0',TIMESTAMP'9999-12-31 00:00:00.0',TIMESTAMP'2008-02-28 09:50:45.0');
INSERT INTO THE.REGISTRY_COMPANY_TYPE_CODE (REGISTRY_COMPANY_TYPE_CODE,DESCRIPTION,EFFECTIVE_DATE,EXPIRY_DATE,UPDATE_TIMESTAMP) VALUES ('EPR','Extraprovincial Company',TIMESTAMP'2007-01-01 00:00:00.0',TIMESTAMP'9999-12-31 00:00:00.0',TIMESTAMP'2008-02-28 09:50:45.0');
INSERT INTO THE.REGISTRY_COMPANY_TYPE_CODE (REGISTRY_COMPANY_TYPE_CODE,DESCRIPTION,EFFECTIVE_DATE,EXPIRY_DATE,UPDATE_TIMESTAMP) VALUES ('FOR','Extraprovincial Company',TIMESTAMP'2007-01-01 00:00:00.0',TIMESTAMP'9999-12-31 00:00:00.0',TIMESTAMP'2008-02-28 09:50:45.0');
INSERT INTO THE.REGISTRY_COMPANY_TYPE_CODE (REGISTRY_COMPANY_TYPE_CODE,DESCRIPTION,EFFECTIVE_DATE,EXPIRY_DATE,UPDATE_TIMESTAMP) VALUES ('LIC','Extraprovincial Company',TIMESTAMP'2007-01-01 00:00:00.0',TIMESTAMP'9999-12-31 00:00:00.0',TIMESTAMP'2008-02-28 09:50:45.0');
INSERT INTO THE.REGISTRY_COMPANY_TYPE_CODE (REGISTRY_COMPANY_TYPE_CODE,DESCRIPTION,EFFECTIVE_DATE,EXPIRY_DATE,UPDATE_TIMESTAMP) VALUES ('NON','Non Registered Company',TIMESTAMP'2007-01-01 00:00:00.0',TIMESTAMP'9999-12-31 00:00:00.0',TIMESTAMP'2008-02-28 09:50:45.0');
INSERT INTO THE.REGISTRY_COMPANY_TYPE_CODE (REGISTRY_COMPANY_TYPE_CODE,DESCRIPTION,EFFECTIVE_DATE,EXPIRY_DATE,UPDATE_TIMESTAMP) VALUES ('REG','Extraprovincial Company',TIMESTAMP'2007-01-01 00:00:00.0',TIMESTAMP'9999-12-31 00:00:00.0',TIMESTAMP'2008-02-28 09:50:45.0');
INSERT INTO THE.REGISTRY_COMPANY_TYPE_CODE (REGISTRY_COMPANY_TYPE_CODE,DESCRIPTION,EFFECTIVE_DATE,EXPIRY_DATE,UPDATE_TIMESTAMP) VALUES ('S','British Columbia Society',TIMESTAMP'2007-01-01 00:00:00.0',TIMESTAMP'9999-12-31 00:00:00.0',TIMESTAMP'2008-02-28 09:50:45.0');
INSERT INTO THE.REGISTRY_COMPANY_TYPE_CODE (REGISTRY_COMPANY_TYPE_CODE,DESCRIPTION,EFFECTIVE_DATE,EXPIRY_DATE,UPDATE_TIMESTAMP) VALUES ('XCP','Extraprovincial Cooperative Association',TIMESTAMP'2007-01-01 00:00:00.0',TIMESTAMP'9999-12-31 00:00:00.0',TIMESTAMP'2008-02-28 09:50:45.0');
INSERT INTO THE.REGISTRY_COMPANY_TYPE_CODE (REGISTRY_COMPANY_TYPE_CODE,DESCRIPTION,EFFECTIVE_DATE,EXPIRY_DATE,UPDATE_TIMESTAMP) VALUES ('XS','Extraprovincial Society',TIMESTAMP'2007-01-01 00:00:00.0',TIMESTAMP'9999-12-31 00:00:00.0',TIMESTAMP'2008-02-28 09:50:45.0');
INSERT INTO THE.REGISTRY_COMPANY_TYPE_CODE (REGISTRY_COMPANY_TYPE_CODE,DESCRIPTION,EFFECTIVE_DATE,EXPIRY_DATE,UPDATE_TIMESTAMP) VALUES ('FM','Sole Proprietorship',TIMESTAMP'2023-10-10 00:00:00.0',TIMESTAMP'9999-12-31 00:00:00.0',TIMESTAMP'2023-10-10 00:00:00.0');

INSERT INTO THE.CLIENT_TYPE_COMPANY_XREF (CLIENT_TYPE_CODE,REGISTRY_COMPANY_TYPE_CODE,ADD_USERID,ADD_TIMESTAMP,UPDATE_USERID,UPDATE_TIMESTAMP) VALUES ('A','CP','CLIADMIN',TIMESTAMP'2007-01-01 00:00:00.0','CLIADMIN',TIMESTAMP'2007-01-01 00:00:00.0');
INSERT INTO THE.CLIENT_TYPE_COMPANY_XREF (CLIENT_TYPE_CODE,REGISTRY_COMPANY_TYPE_CODE,ADD_USERID,ADD_TIMESTAMP,UPDATE_USERID,UPDATE_TIMESTAMP) VALUES ('A','XCP','CLIADMIN',TIMESTAMP'2007-01-01 00:00:00.0','CLIADMIN',TIMESTAMP'2007-01-01 00:00:00.0');
INSERT INTO THE.CLIENT_TYPE_COMPANY_XREF (CLIENT_TYPE_CODE,REGISTRY_COMPANY_TYPE_CODE,ADD_USERID,ADD_TIMESTAMP,UPDATE_USERID,UPDATE_TIMESTAMP) VALUES ('C','A','CLIADMIN',TIMESTAMP'2007-01-01 00:00:00.0','CLIADMIN',TIMESTAMP'2007-01-01 00:00:00.0');
INSERT INTO THE.CLIENT_TYPE_COMPANY_XREF (CLIENT_TYPE_CODE,REGISTRY_COMPANY_TYPE_CODE,ADD_USERID,ADD_TIMESTAMP,UPDATE_USERID,UPDATE_TIMESTAMP) VALUES ('C','B','CLIADMIN',TIMESTAMP'2007-01-01 00:00:00.0','CLIADMIN',TIMESTAMP'2007-01-01 00:00:00.0');
INSERT INTO THE.CLIENT_TYPE_COMPANY_XREF (CLIENT_TYPE_CODE,REGISTRY_COMPANY_TYPE_CODE,ADD_USERID,ADD_TIMESTAMP,UPDATE_USERID,UPDATE_TIMESTAMP) VALUES ('C','BC','CLIADMIN',TIMESTAMP'2007-01-01 00:00:00.0','CLIADMIN',TIMESTAMP'2007-01-01 00:00:00.0');
INSERT INTO THE.CLIENT_TYPE_COMPANY_XREF (CLIENT_TYPE_CODE,REGISTRY_COMPANY_TYPE_CODE,ADD_USERID,ADD_TIMESTAMP,UPDATE_USERID,UPDATE_TIMESTAMP) VALUES ('C','EPR','CLIADMIN',TIMESTAMP'2007-01-01 00:00:00.0','CLIADMIN',TIMESTAMP'2007-01-01 00:00:00.0');
INSERT INTO THE.CLIENT_TYPE_COMPANY_XREF (CLIENT_TYPE_CODE,REGISTRY_COMPANY_TYPE_CODE,ADD_USERID,ADD_TIMESTAMP,UPDATE_USERID,UPDATE_TIMESTAMP) VALUES ('C','FOR','CLIADMIN',TIMESTAMP'2007-01-01 00:00:00.0','CLIADMIN',TIMESTAMP'2007-01-01 00:00:00.0');
INSERT INTO THE.CLIENT_TYPE_COMPANY_XREF (CLIENT_TYPE_CODE,REGISTRY_COMPANY_TYPE_CODE,ADD_USERID,ADD_TIMESTAMP,UPDATE_USERID,UPDATE_TIMESTAMP) VALUES ('C','LIC','CLIADMIN',TIMESTAMP'2007-01-01 00:00:00.0','CLIADMIN',TIMESTAMP'2007-01-01 00:00:00.0');
INSERT INTO THE.CLIENT_TYPE_COMPANY_XREF (CLIENT_TYPE_CODE,REGISTRY_COMPANY_TYPE_CODE,ADD_USERID,ADD_TIMESTAMP,UPDATE_USERID,UPDATE_TIMESTAMP) VALUES ('C','REG','CLIADMIN',TIMESTAMP'2007-01-01 00:00:00.0','CLIADMIN',TIMESTAMP'2007-01-01 00:00:00.0');
INSERT INTO THE.CLIENT_TYPE_COMPANY_XREF (CLIENT_TYPE_CODE,REGISTRY_COMPANY_TYPE_CODE,ADD_USERID,ADD_TIMESTAMP,UPDATE_USERID,UPDATE_TIMESTAMP) VALUES ('S','S','CLIADMIN',TIMESTAMP'2007-01-01 00:00:00.0','CLIADMIN',TIMESTAMP'2007-01-01 00:00:00.0');
INSERT INTO THE.CLIENT_TYPE_COMPANY_XREF (CLIENT_TYPE_CODE,REGISTRY_COMPANY_TYPE_CODE,ADD_USERID,ADD_TIMESTAMP,UPDATE_USERID,UPDATE_TIMESTAMP) VALUES ('S','XS','CLIADMIN',TIMESTAMP'2007-01-01 00:00:00.0','CLIADMIN',TIMESTAMP'2007-01-01 00:00:00.0');
INSERT INTO THE.CLIENT_TYPE_COMPANY_XREF (CLIENT_TYPE_CODE,REGISTRY_COMPANY_TYPE_CODE,ADD_USERID,ADD_TIMESTAMP,UPDATE_USERID,UPDATE_TIMESTAMP) VALUES ('U','NON','CLIADMIN',TIMESTAMP'2007-01-01 00:00:00.0','CLIADMIN',TIMESTAMP'2007-01-01 00:00:00.0');
INSERT INTO THE.CLIENT_TYPE_COMPANY_XREF (CLIENT_TYPE_CODE,REGISTRY_COMPANY_TYPE_CODE,ADD_USERID,ADD_TIMESTAMP,UPDATE_USERID,UPDATE_TIMESTAMP) VALUES ('C','C','CLIADMIN',TIMESTAMP'2007-08-14 10:29:27.0','CLIADMIN',TIMESTAMP'2007-08-14 10:29:27.0');
INSERT INTO THE.CLIENT_TYPE_COMPANY_XREF (CLIENT_TYPE_CODE,REGISTRY_COMPANY_TYPE_CODE,ADD_USERID,ADD_TIMESTAMP,UPDATE_USERID,UPDATE_TIMESTAMP) VALUES ('B','DINA','CLIADMIN',TIMESTAMP'2007-10-16 12:50:08.0','CLIADMIN',TIMESTAMP'2007-10-16 12:50:08.0');
INSERT INTO THE.CLIENT_TYPE_COMPANY_XREF (CLIENT_TYPE_CODE,REGISTRY_COMPANY_TYPE_CODE,ADD_USERID,ADD_TIMESTAMP,UPDATE_USERID,UPDATE_TIMESTAMP) VALUES ('T','DINA','CLIADMIN',TIMESTAMP'2007-10-16 12:50:12.0','CLIADMIN',TIMESTAMP'2007-10-16 12:50:12.0');
INSERT INTO THE.CLIENT_TYPE_COMPANY_XREF (CLIENT_TYPE_CODE,REGISTRY_COMPANY_TYPE_CODE,ADD_USERID,ADD_TIMESTAMP,UPDATE_USERID,UPDATE_TIMESTAMP) VALUES ('I','FM','CLIADMIN',TIMESTAMP'2023-10-10 00:00:00.0','CLIADMIN',TIMESTAMP'2023-10-10 00:00:00.0');
INSERT INTO THE.CLIENT_TYPE_COMPANY_XREF (CLIENT_TYPE_CODE,REGISTRY_COMPANY_TYPE_CODE,ADD_USERID,ADD_TIMESTAMP,UPDATE_USERID,UPDATE_TIMESTAMP) VALUES ('U','FM','CLIADMIN',TIMESTAMP'2023-10-10 00:00:00.0','CLIADMIN',TIMESTAMP'2023-10-10 00:00:00.0');
INSERT INTO THE.CLIENT_TYPE_COMPANY_XREF (CLIENT_TYPE_CODE,REGISTRY_COMPANY_TYPE_CODE,ADD_USERID,ADD_TIMESTAMP,UPDATE_USERID,UPDATE_TIMESTAMP) VALUES ('P','FM','CLIADMIN',TIMESTAMP'2023-10-10 00:00:00.0','CLIADMIN',TIMESTAMP'2023-10-10 00:00:00.0');

INSERT INTO THE.CLIENT_UPDATE_ACTION_CODE (CLIENT_UPDATE_ACTION_CODE,DESCRIPTION,EFFECTIVE_DATE,EXPIRY_DATE,UPDATE_TIMESTAMP) VALUES ('ACDC','Deceased Client Activated',TIMESTAMP'2007-01-01 00:00:00.0',TIMESTAMP'9999-12-31 00:00:00.0',TIMESTAMP'2007-07-12 13:00:22.0');
INSERT INTO THE.CLIENT_UPDATE_ACTION_CODE (CLIENT_UPDATE_ACTION_CODE,DESCRIPTION,EFFECTIVE_DATE,EXPIRY_DATE,UPDATE_TIMESTAMP) VALUES ('ADDR','Address Change',TIMESTAMP'2007-01-01 00:00:00.0',TIMESTAMP'9999-12-31 00:00:00.0',TIMESTAMP'2007-07-12 13:00:22.0');
INSERT INTO THE.CLIENT_UPDATE_ACTION_CODE (CLIENT_UPDATE_ACTION_CODE,DESCRIPTION,EFFECTIVE_DATE,EXPIRY_DATE,UPDATE_TIMESTAMP) VALUES ('DAC','Deactivated',TIMESTAMP'2007-01-01 00:00:00.0',TIMESTAMP'9999-12-31 00:00:00.0',TIMESTAMP'2007-07-12 13:00:22.0');
INSERT INTO THE.CLIENT_UPDATE_ACTION_CODE (CLIENT_UPDATE_ACTION_CODE,DESCRIPTION,EFFECTIVE_DATE,EXPIRY_DATE,UPDATE_TIMESTAMP) VALUES ('ID','ID Change',TIMESTAMP'2007-01-01 00:00:00.0',TIMESTAMP'9999-12-31 00:00:00.0',TIMESTAMP'2007-07-12 13:00:22.0');
INSERT INTO THE.CLIENT_UPDATE_ACTION_CODE (CLIENT_UPDATE_ACTION_CODE,DESCRIPTION,EFFECTIVE_DATE,EXPIRY_DATE,UPDATE_TIMESTAMP) VALUES ('NAME','Name Change',TIMESTAMP'2007-01-01 00:00:00.0',TIMESTAMP'9999-12-31 00:00:00.0',TIMESTAMP'2007-07-12 13:00:22.0');
INSERT INTO THE.CLIENT_UPDATE_ACTION_CODE (CLIENT_UPDATE_ACTION_CODE,DESCRIPTION,EFFECTIVE_DATE,EXPIRY_DATE,UPDATE_TIMESTAMP) VALUES ('RACT','Reactivated',TIMESTAMP'2007-01-01 00:00:00.0',TIMESTAMP'9999-12-31 00:00:00.0',TIMESTAMP'2007-07-12 13:00:22.0');
INSERT INTO THE.CLIENT_UPDATE_ACTION_CODE (CLIENT_UPDATE_ACTION_CODE,DESCRIPTION,EFFECTIVE_DATE,EXPIRY_DATE,UPDATE_TIMESTAMP) VALUES ('SPN','Suspended',TIMESTAMP'2007-01-01 00:00:00.0',TIMESTAMP'9999-12-31 00:00:00.0',TIMESTAMP'2007-07-12 13:00:22.0');
INSERT INTO THE.CLIENT_UPDATE_ACTION_CODE (CLIENT_UPDATE_ACTION_CODE,DESCRIPTION,EFFECTIVE_DATE,EXPIRY_DATE,UPDATE_TIMESTAMP) VALUES ('USPN','Unsuspended',TIMESTAMP'2007-01-01 00:00:00.0',TIMESTAMP'9999-12-31 00:00:00.0',TIMESTAMP'2007-07-12 13:00:22.0');

INSERT INTO THE.CLIENT_UPDATE_REASON_CODE (CLIENT_UPDATE_REASON_CODE,DESCRIPTION,EFFECTIVE_DATE,EXPIRY_DATE,UPDATE_TIMESTAMP) VALUES ('BKR','Bankruptcy',TIMESTAMP'2007-01-01 00:00:00.0',TIMESTAMP'9999-12-31 00:00:00.0',TIMESTAMP'2007-12-19 09:13:27.0');
INSERT INTO THE.CLIENT_UPDATE_REASON_CODE (CLIENT_UPDATE_REASON_CODE,DESCRIPTION,EFFECTIVE_DATE,EXPIRY_DATE,UPDATE_TIMESTAMP) VALUES ('CNTI','Continuation In',TIMESTAMP'2007-08-01 00:00:00.0',TIMESTAMP'9999-12-31 00:00:00.0',TIMESTAMP'2007-12-19 09:13:27.0');
INSERT INTO THE.CLIENT_UPDATE_REASON_CODE (CLIENT_UPDATE_REASON_CODE,DESCRIPTION,EFFECTIVE_DATE,EXPIRY_DATE,UPDATE_TIMESTAMP) VALUES ('CNTO','Continuation Out',TIMESTAMP'2007-08-02 00:00:00.0',TIMESTAMP'9999-12-31 00:00:00.0',TIMESTAMP'2007-12-19 09:13:27.0');
INSERT INTO THE.CLIENT_UPDATE_REASON_CODE (CLIENT_UPDATE_REASON_CODE,DESCRIPTION,EFFECTIVE_DATE,EXPIRY_DATE,UPDATE_TIMESTAMP) VALUES ('CORR','Correction',TIMESTAMP'2007-01-01 00:00:00.0',TIMESTAMP'9999-12-31 00:00:00.0',TIMESTAMP'2007-12-19 09:13:27.0');
INSERT INTO THE.CLIENT_UPDATE_REASON_CODE (CLIENT_UPDATE_REASON_CODE,DESCRIPTION,EFFECTIVE_DATE,EXPIRY_DATE,UPDATE_TIMESTAMP) VALUES ('DEC','Deceased',TIMESTAMP'2007-08-02 00:00:00.0',TIMESTAMP'9999-12-31 00:00:00.0',TIMESTAMP'2007-12-19 09:13:27.0');
INSERT INTO THE.CLIENT_UPDATE_REASON_CODE (CLIENT_UPDATE_REASON_CODE,DESCRIPTION,EFFECTIVE_DATE,EXPIRY_DATE,UPDATE_TIMESTAMP) VALUES ('DIS','Dissolved',TIMESTAMP'2007-01-01 00:00:00.0',TIMESTAMP'9999-12-31 00:00:00.0',TIMESTAMP'2007-12-19 09:13:27.0');
INSERT INTO THE.CLIENT_UPDATE_REASON_CODE (CLIENT_UPDATE_REASON_CODE,DESCRIPTION,EFFECTIVE_DATE,EXPIRY_DATE,UPDATE_TIMESTAMP) VALUES ('DUPL','Duplicate Client',TIMESTAMP'2007-01-01 00:00:00.0',TIMESTAMP'9999-12-31 00:00:00.0',TIMESTAMP'2007-12-19 09:13:27.0');
INSERT INTO THE.CLIENT_UPDATE_REASON_CODE (CLIENT_UPDATE_REASON_CODE,DESCRIPTION,EFFECTIVE_DATE,EXPIRY_DATE,UPDATE_TIMESTAMP) VALUES ('EXEC','Executor Acting on Behalf of Deceased Client',TIMESTAMP'2007-01-01 00:00:00.0',TIMESTAMP'9999-12-31 00:00:00.0',TIMESTAMP'2007-12-19 09:13:27.0');
INSERT INTO THE.CLIENT_UPDATE_REASON_CODE (CLIENT_UPDATE_REASON_CODE,DESCRIPTION,EFFECTIVE_DATE,EXPIRY_DATE,UPDATE_TIMESTAMP) VALUES ('IBKR','Bankruptcy in Progress',TIMESTAMP'2007-07-27 00:00:00.0',TIMESTAMP'9999-12-31 00:00:00.0',TIMESTAMP'2007-12-19 09:13:27.0');
INSERT INTO THE.CLIENT_UPDATE_REASON_CODE (CLIENT_UPDATE_REASON_CODE,DESCRIPTION,EFFECTIVE_DATE,EXPIRY_DATE,UPDATE_TIMESTAMP) VALUES ('IDIS','Dissolution in Progress',TIMESTAMP'2007-07-27 00:00:00.0',TIMESTAMP'9999-12-31 00:00:00.0',TIMESTAMP'2007-12-19 09:13:27.0');
INSERT INTO THE.CLIENT_UPDATE_REASON_CODE (CLIENT_UPDATE_REASON_CODE,DESCRIPTION,EFFECTIVE_DATE,EXPIRY_DATE,UPDATE_TIMESTAMP) VALUES ('IEST','Estate in Progress',TIMESTAMP'2007-07-27 00:00:00.0',TIMESTAMP'9999-12-31 00:00:00.0',TIMESTAMP'2007-12-19 09:13:27.0');
INSERT INTO THE.CLIENT_UPDATE_REASON_CODE (CLIENT_UPDATE_REASON_CODE,DESCRIPTION,EFFECTIVE_DATE,EXPIRY_DATE,UPDATE_TIMESTAMP) VALUES ('IREC','Receivership In Progress',TIMESTAMP'2007-07-27 00:00:00.0',TIMESTAMP'9999-12-31 00:00:00.0',TIMESTAMP'2007-12-19 09:13:27.0');
INSERT INTO THE.CLIENT_UPDATE_REASON_CODE (CLIENT_UPDATE_REASON_CODE,DESCRIPTION,EFFECTIVE_DATE,EXPIRY_DATE,UPDATE_TIMESTAMP) VALUES ('LNAM','Legal Name Change',TIMESTAMP'2007-01-01 00:00:00.0',TIMESTAMP'9999-12-31 00:00:00.0',TIMESTAMP'2007-12-19 09:13:27.0');
INSERT INTO THE.CLIENT_UPDATE_REASON_CODE (CLIENT_UPDATE_REASON_CODE,DESCRIPTION,EFFECTIVE_DATE,EXPIRY_DATE,UPDATE_TIMESTAMP) VALUES ('MOVE','Moved',TIMESTAMP'2007-01-01 00:00:00.0',TIMESTAMP'9999-12-31 00:00:00.0',TIMESTAMP'2007-12-19 09:13:27.0');
INSERT INTO THE.CLIENT_UPDATE_REASON_CODE (CLIENT_UPDATE_REASON_CODE,DESCRIPTION,EFFECTIVE_DATE,EXPIRY_DATE,UPDATE_TIMESTAMP) VALUES ('NLDB','No Longer Doing Business with MoFR',TIMESTAMP'2007-01-01 00:00:00.0',TIMESTAMP'9999-12-31 00:00:00.0',TIMESTAMP'2007-12-19 09:13:27.0');
INSERT INTO THE.CLIENT_UPDATE_REASON_CODE (CLIENT_UPDATE_REASON_CODE,DESCRIPTION,EFFECTIVE_DATE,EXPIRY_DATE,UPDATE_TIMESTAMP) VALUES ('OBLG','Obligation Satisfied',TIMESTAMP'2007-01-01 00:00:00.0',TIMESTAMP'9999-12-31 00:00:00.0',TIMESTAMP'2007-12-19 09:13:27.0');
INSERT INTO THE.CLIENT_UPDATE_REASON_CODE (CLIENT_UPDATE_REASON_CODE,DESCRIPTION,EFFECTIVE_DATE,EXPIRY_DATE,UPDATE_TIMESTAMP) VALUES ('REC','Receivership',TIMESTAMP'2007-07-27 00:00:00.0',TIMESTAMP'9999-12-31 00:00:00.0',TIMESTAMP'2007-12-19 09:13:27.0');
INSERT INTO THE.CLIENT_UPDATE_REASON_CODE (CLIENT_UPDATE_REASON_CODE,DESCRIPTION,EFFECTIVE_DATE,EXPIRY_DATE,UPDATE_TIMESTAMP) VALUES ('REID','Replacement ID',TIMESTAMP'2007-01-01 00:00:00.0',TIMESTAMP'9999-12-31 00:00:00.0',TIMESTAMP'2007-12-19 09:13:27.0');
INSERT INTO THE.CLIENT_UPDATE_REASON_CODE (CLIENT_UPDATE_REASON_CODE,DESCRIPTION,EFFECTIVE_DATE,EXPIRY_DATE,UPDATE_TIMESTAMP) VALUES ('RORG','Company Reorganization',TIMESTAMP'2007-01-01 00:00:00.0',TIMESTAMP'9999-12-31 00:00:00.0',TIMESTAMP'2007-12-19 09:13:27.0');
INSERT INTO THE.CLIENT_UPDATE_REASON_CODE (CLIENT_UPDATE_REASON_CODE,DESCRIPTION,EFFECTIVE_DATE,EXPIRY_DATE,UPDATE_TIMESTAMP) VALUES ('RSPN','Related to a Suspended Client',TIMESTAMP'2007-10-22 00:00:00.0',TIMESTAMP'9999-12-31 00:00:00.0',TIMESTAMP'2007-12-19 09:13:27.0');
INSERT INTO THE.CLIENT_UPDATE_REASON_CODE (CLIENT_UPDATE_REASON_CODE,DESCRIPTION,EFFECTIVE_DATE,EXPIRY_DATE,UPDATE_TIMESTAMP) VALUES ('TEMP','Temporary Process',TIMESTAMP'2007-01-01 00:00:00.0',TIMESTAMP'9999-12-31 00:00:00.0',TIMESTAMP'2007-12-19 09:13:27.0');
INSERT INTO THE.CLIENT_UPDATE_REASON_CODE (CLIENT_UPDATE_REASON_CODE,DESCRIPTION,EFFECTIVE_DATE,EXPIRY_DATE,UPDATE_TIMESTAMP) VALUES ('VFIN','Violation - Financial',TIMESTAMP'2007-01-01 00:00:00.0',TIMESTAMP'9999-12-31 00:00:00.0',TIMESTAMP'2007-12-19 09:13:27.0');
INSERT INTO THE.CLIENT_UPDATE_REASON_CODE (CLIENT_UPDATE_REASON_CODE,DESCRIPTION,EFFECTIVE_DATE,EXPIRY_DATE,UPDATE_TIMESTAMP) VALUES ('VTEN','Violation - Tenure',TIMESTAMP'2007-01-01 00:00:00.0',TIMESTAMP'9999-12-31 00:00:00.0',TIMESTAMP'2007-12-19 09:13:27.0');
INSERT INTO THE.CLIENT_UPDATE_REASON_CODE (CLIENT_UPDATE_REASON_CODE,DESCRIPTION,EFFECTIVE_DATE,EXPIRY_DATE,UPDATE_TIMESTAMP) VALUES ('UND','Undefined Value',TIMESTAMP'2007-01-01 00:00:00.0',TIMESTAMP'9999-12-31 00:00:00.0',TIMESTAMP'2007-12-19 09:13:27.0');

INSERT INTO THE.MAILING_COUNTRY (COUNTRY_NAME,COUNTRY_CODE) VALUES ('BRAZIL','BR');
INSERT INTO THE.MAILING_COUNTRY (COUNTRY_NAME,COUNTRY_CODE) VALUES ('CANADA','CA');
INSERT INTO THE.MAILING_COUNTRY (COUNTRY_NAME,COUNTRY_CODE) VALUES ('COLOMBIA','CO');
INSERT INTO THE.MAILING_COUNTRY (COUNTRY_NAME,COUNTRY_CODE) VALUES ('USA','US');

INSERT INTO THE.MAILING_PROVINCE_STATE (COUNTRY_NAME, PROVINCE_STATE_CODE, PROVINCE_STATE_NAME) VALUES
('CANADA',	'NL',	'Newfoundland and Labrador'),
('CANADA',	'PE',	'Prince Edward Island'),
('CANADA',	'NS',	'Nova Scotia'),
('CANADA',	'NB',	'New Brunswick'),
('CANADA',	'QC',	'Quebec'),
('CANADA',	'ON',	'Ontario'),
('CANADA',	'MB',	'Manitoba'),
('CANADA',	'SK',	'Saskatchewan'),
('CANADA',	'AB',	'Alberta'),
('CANADA',	'YT',	'Yukon'),
('CANADA',	'NT',	'Northwest Territories'),
('CANADA',	'NU',	'Nunavut')
('CANADA', 'British Columbia', 'BC');
INSERT INTO THE.MAILING_PROVINCE_STATE (COUNTRY_NAME, PROVINCE_STATE_CODE, PROVINCE_STATE_NAME) VALUES
('USA',	'AL',	'Alabama'),
('USA',	'AK',	'Alaska'),
('USA',	'AZ',	'Arizona'),
('USA',	'AR',	'Arkansas'),
('USA',	'CA',	'California'),
('USA',	'CO',	'Colorado'),
('USA',	'CT',	'Connecticut'),
('USA',	'DE',	'Delaware'),
('USA',	'DC',	'District of Columbia'),
('USA',	'FL',	'Florida'),
('USA',	'GA',	'Georgia'),
('USA',	'HI',	'Hawaii'),
('USA',	'ID',	'Idaho'),
('USA',	'IL',	'Illinois'),
('USA',	'IN',	'Indiana'),
('USA',	'IA',	'Iowa'),
('USA',	'KS',	'Kansas'),
('USA',	'KY',	'Kentucky'),
('USA',	'LA',	'Louisiana'),
('USA',	'ME',	'Maine'),
('USA',	'MD',	'Maryland'),
('USA',	'MA',	'Massachusetts'),
('USA',	'MI',	'Michigan'),
('USA',	'MN',	'Minnesota'),
('USA',	'MS',	'Mississippi'),
('USA',	'MO',	'Missouri'),
('USA',	'MT',	'Montana'),
('USA',	'NE',	'Nebraska'),
('USA',	'NV',	'Nevada'),
('USA',	'NH',	'New Hampshire'),
('USA',	'NJ',	'New Jersey'),
('USA',	'NM',	'New Mexico'),
('USA',	'NY',	'New York'),
('USA',	'NC',	'North Carolina'),
('USA',	'ND',	'North Dakota'),
('USA',	'OH',	'Ohio'),
('USA',	'OK',	'Oklahoma'),
('USA',	'OR',	'Oregon'),
('USA',	'PA',	'Pennsylvania'),
('USA',	'RI',	'Rhode Island'),
('USA',	'SC',	'South Carolina'),
('USA',	'SD',	'South Dakota'),
('USA',	'TN',	'Tennessee'),
('USA',	'TX',	'Texas'),
('USA',	'UT',	'Utah'),
('USA',	'VT',	'Vermont'),
('USA',	'VA',	'Virginia'),
('USA',	'WA',	'Washington'),
('USA',	'WV',	'West Virginia'),
('USA',	'WI',	'Wisconsin'),
('USA',	'WY',	'Wyoming');
INSERT INTO THE.MAILING_PROVINCE_STATE (COUNTRY_NAME, PROVINCE_STATE_CODE, PROVINCE_STATE_NAME) VALUES
('BRAZIL',	'AC',	'Acre'),
('BRAZIL',	'AL',	'Alagoas'),
('BRAZIL',	'AP',	'Amapá'),
('BRAZIL',	'AM',	'Amazonas'),
('BRAZIL',	'BA',	'Bahia'),
('BRAZIL',	'CE',	'Ceará'),
('BRAZIL',	'DF',	'Distrito Federal'),
('BRAZIL',	'ES',	'Espírito Santo'),
('BRAZIL',	'GO',	'Goiás'),
('BRAZIL',	'MA',	'Maranhão'),
('BRAZIL',	'MT',	'Mato Grosso'),
('BRAZIL',	'MS',	'Mato Grosso do Sul'),
('BRAZIL',	'MG',	'Minas Gerais'),
('BRAZIL',	'PA',	'Pará'),
('BRAZIL',	'PB',	'Paraíba'),
('BRAZIL',	'PR',	'Paraná'),
('BRAZIL',	'PE',	'Pernambuco'),
('BRAZIL',	'PI',	'Piauí'),
('BRAZIL',	'RJ',	'Rio de Janeiro'),
('BRAZIL',	'RN',	'Rio Grande do Norte'),
('BRAZIL',	'RS',	'Rio Grande do Sul'),
('BRAZIL',	'RO',	'Rondônia'),
('BRAZIL',	'RR',	'Roraima'),
('BRAZIL',	'SC',	'Santa Catarina'),
('BRAZIL',	'SP',	'São Paulo'),
('BRAZIL',	'SE',	'Sergipe'),
('BRAZIL',	'TO',	'Tocantins');

INSERT INTO THE.MAILING_CITY (COUNTRY_NAME,PROVINCE_STATE_NAME,CITY_NAME) VALUES ('CANADA','British Columbia','VICTORIA');
INSERT INTO THE.MAILING_CITY (COUNTRY_NAME,PROVINCE_STATE_NAME,CITY_NAME) VALUES ('USA','Washington','SEATTLE');
INSERT INTO THE.MAILING_CITY (COUNTRY_NAME,PROVINCE_STATE_NAME,CITY_NAME) VALUES ('BRAZIL','Sao Paulo','CAMPINAS');

INSERT INTO THE.ORG_UNIT (ORG_UNIT_NO,ORG_UNIT_CODE,ORG_UNIT_NAME,LOCATION_CODE,AREA_CODE,TELEPHONE_NO,ORG_LEVEL_CODE,OFFICE_NAME_CODE,ROLLUP_REGION_NO,ROLLUP_REGION_CODE,ROLLUP_DIST_NO,ROLLUP_DIST_CODE,EFFECTIVE_DATE,EXPIRY_DATE,UPDATE_TIMESTAMP) VALUES (1,'DEV','Development Team','010','250','3871701','H','VA',0,' ',0,' ',TIMESTAMP'1905-01-01 00:00:00.0',TIMESTAMP'9999-12-31 00:00:00.0',TIMESTAMP'2011-08-29 15:49:08.0');
INSERT INTO THE.ORG_UNIT (ORG_UNIT_NO,ORG_UNIT_CODE,ORG_UNIT_NAME,LOCATION_CODE,AREA_CODE,TELEPHONE_NO,ORG_LEVEL_CODE,OFFICE_NAME_CODE,ROLLUP_REGION_NO,ROLLUP_REGION_CODE,ROLLUP_DIST_NO,ROLLUP_DIST_CODE,EFFECTIVE_DATE,EXPIRY_DATE,UPDATE_TIMESTAMP) VALUES (70,'HVA','Timber Pricing Branch','010','250','3871701','H','VA',0,' ',0,' ',TIMESTAMP'1905-01-01 00:00:00.0',TIMESTAMP'9999-12-31 00:00:00.0',TIMESTAMP'2011-08-29 15:49:08.0');

INSERT INTO THE.CLIENT_ACTION_REASON_XREF (CLIENT_UPDATE_ACTION_CODE,CLIENT_UPDATE_REASON_CODE,CLIENT_TYPE_CODE,UPDATE_TIMESTAMP,UPDATE_USERID,ADD_TIMESTAMP,ADD_USERID) VALUES
	 ('NAME','LNAM','A',TIMESTAMP'2008-01-02 08:45:31','CLIADMIN',TIMESTAMP'2008-01-02 08:45:31','CLIADMIN'),
	 ('NAME','LNAM','B',TIMESTAMP'2008-01-02 08:45:31','CLIADMIN',TIMESTAMP'2008-01-02 08:45:31','CLIADMIN'),
	 ('NAME','LNAM','C',TIMESTAMP'2008-01-02 08:45:31','CLIADMIN',TIMESTAMP'2008-01-02 08:45:31','CLIADMIN'),
	 ('NAME','LNAM','F',TIMESTAMP'2008-01-02 08:45:31','CLIADMIN',TIMESTAMP'2008-01-02 08:45:31','CLIADMIN'),
	 ('NAME','LNAM','G',TIMESTAMP'2008-01-02 08:45:31','CLIADMIN',TIMESTAMP'2008-01-02 08:45:31','CLIADMIN'),
	 ('NAME','LNAM','I',TIMESTAMP'2008-01-02 08:45:31','CLIADMIN',TIMESTAMP'2008-01-02 08:45:31','CLIADMIN'),
	 ('NAME','LNAM','L',TIMESTAMP'2008-01-02 08:45:31','CLIADMIN',TIMESTAMP'2008-01-02 08:45:31','CLIADMIN'),
	 ('NAME','LNAM','S',TIMESTAMP'2008-01-02 08:45:31','CLIADMIN',TIMESTAMP'2008-01-02 08:45:31','CLIADMIN'),
	 ('NAME','LNAM','U',TIMESTAMP'2008-01-02 08:45:31','CLIADMIN',TIMESTAMP'2008-01-02 08:45:31','CLIADMIN'),
	 ('NAME','CORR','A',TIMESTAMP'2008-01-02 08:45:31','CLIADMIN',TIMESTAMP'2008-01-02 08:45:31','CLIADMIN'),
	 ('NAME','CORR','B',TIMESTAMP'2008-01-02 08:45:31','CLIADMIN',TIMESTAMP'2008-01-02 08:45:31','CLIADMIN'),
	 ('NAME','CORR','C',TIMESTAMP'2008-01-02 08:45:31','CLIADMIN',TIMESTAMP'2008-01-02 08:45:31','CLIADMIN'),
	 ('NAME','CORR','F',TIMESTAMP'2008-01-02 08:45:31','CLIADMIN',TIMESTAMP'2008-01-02 08:45:31','CLIADMIN'),
	 ('NAME','CORR','G',TIMESTAMP'2008-01-02 08:45:31','CLIADMIN',TIMESTAMP'2008-01-02 08:45:31','CLIADMIN'),
	 ('NAME','CORR','I',TIMESTAMP'2008-01-02 08:45:31','CLIADMIN',TIMESTAMP'2008-01-02 08:45:31','CLIADMIN'),
	 ('NAME','CORR','L',TIMESTAMP'2008-01-02 08:45:31','CLIADMIN',TIMESTAMP'2008-01-02 08:45:31','CLIADMIN'),
	 ('NAME','CORR','S',TIMESTAMP'2008-01-02 08:45:31','CLIADMIN',TIMESTAMP'2008-01-02 08:45:31','CLIADMIN'),
	 ('NAME','CORR','U',TIMESTAMP'2008-01-02 08:45:31','CLIADMIN',TIMESTAMP'2008-01-02 08:45:31','CLIADMIN'),
	 ('ADDR','MOVE','A',TIMESTAMP'2008-01-02 08:45:31','CLIADMIN',TIMESTAMP'2008-01-02 08:45:31','CLIADMIN'),
	 ('ADDR','MOVE','B',TIMESTAMP'2008-01-02 08:45:31','CLIADMIN',TIMESTAMP'2008-01-02 08:45:31','CLIADMIN');
INSERT INTO THE.CLIENT_ACTION_REASON_XREF (CLIENT_UPDATE_ACTION_CODE,CLIENT_UPDATE_REASON_CODE,CLIENT_TYPE_CODE,UPDATE_TIMESTAMP,UPDATE_USERID,ADD_TIMESTAMP,ADD_USERID) VALUES
	 ('ADDR','MOVE','C',TIMESTAMP'2008-01-02 08:45:31','CLIADMIN',TIMESTAMP'2008-01-02 08:45:31','CLIADMIN'),
	 ('ADDR','MOVE','F',TIMESTAMP'2008-01-02 08:45:31','CLIADMIN',TIMESTAMP'2008-01-02 08:45:31','CLIADMIN'),
	 ('ADDR','MOVE','G',TIMESTAMP'2008-01-02 08:45:31','CLIADMIN',TIMESTAMP'2008-01-02 08:45:31','CLIADMIN'),
	 ('ADDR','MOVE','I',TIMESTAMP'2008-01-02 08:45:31','CLIADMIN',TIMESTAMP'2008-01-02 08:45:31','CLIADMIN'),
	 ('ADDR','MOVE','L',TIMESTAMP'2008-01-02 08:45:31','CLIADMIN',TIMESTAMP'2008-01-02 08:45:31','CLIADMIN'),
	 ('ADDR','MOVE','S',TIMESTAMP'2008-01-02 08:45:31','CLIADMIN',TIMESTAMP'2008-01-02 08:45:31','CLIADMIN'),
	 ('ADDR','MOVE','U',TIMESTAMP'2008-01-02 08:45:31','CLIADMIN',TIMESTAMP'2008-01-02 08:45:31','CLIADMIN'),
	 ('ADDR','CORR','A',TIMESTAMP'2008-01-02 08:45:31','CLIADMIN',TIMESTAMP'2008-01-02 08:45:31','CLIADMIN'),
	 ('ADDR','CORR','B',TIMESTAMP'2008-01-02 08:45:31','CLIADMIN',TIMESTAMP'2008-01-02 08:45:31','CLIADMIN'),
	 ('ADDR','CORR','C',TIMESTAMP'2008-01-02 08:45:31','CLIADMIN',TIMESTAMP'2008-01-02 08:45:31','CLIADMIN'),
	 ('ADDR','CORR','F',TIMESTAMP'2008-01-02 08:45:31','CLIADMIN',TIMESTAMP'2008-01-02 08:45:31','CLIADMIN'),
	 ('ADDR','CORR','G',TIMESTAMP'2008-01-02 08:45:31','CLIADMIN',TIMESTAMP'2008-01-02 08:45:31','CLIADMIN'),
	 ('ADDR','CORR','I',TIMESTAMP'2008-01-02 08:45:31','CLIADMIN',TIMESTAMP'2008-01-02 08:45:31','CLIADMIN'),
	 ('ADDR','CORR','L',TIMESTAMP'2008-01-02 08:45:31','CLIADMIN',TIMESTAMP'2008-01-02 08:45:31','CLIADMIN'),
	 ('ADDR','CORR','S',TIMESTAMP'2008-01-02 08:45:31','CLIADMIN',TIMESTAMP'2008-01-02 08:45:31','CLIADMIN'),
	 ('ADDR','CORR','U',TIMESTAMP'2008-01-02 08:45:31','CLIADMIN',TIMESTAMP'2008-01-02 08:45:31','CLIADMIN'),
	 ('SPN','VFIN','A',TIMESTAMP'2008-01-02 08:45:31','CLIADMIN',TIMESTAMP'2008-01-02 08:45:31','CLIADMIN'),
	 ('SPN','VFIN','B',TIMESTAMP'2008-01-02 08:45:31','CLIADMIN',TIMESTAMP'2008-01-02 08:45:31','CLIADMIN'),
	 ('SPN','VFIN','C',TIMESTAMP'2008-01-02 08:45:31','CLIADMIN',TIMESTAMP'2008-01-02 08:45:31','CLIADMIN'),
	 ('SPN','VFIN','F',TIMESTAMP'2008-01-02 08:45:31','CLIADMIN',TIMESTAMP'2008-01-02 08:45:31','CLIADMIN');
INSERT INTO THE.CLIENT_ACTION_REASON_XREF (CLIENT_UPDATE_ACTION_CODE,CLIENT_UPDATE_REASON_CODE,CLIENT_TYPE_CODE,UPDATE_TIMESTAMP,UPDATE_USERID,ADD_TIMESTAMP,ADD_USERID) VALUES
	 ('SPN','VFIN','G',TIMESTAMP'2008-01-02 08:45:32','CLIADMIN',TIMESTAMP'2008-01-02 08:45:32','CLIADMIN'),
	 ('SPN','VFIN','I',TIMESTAMP'2008-01-02 08:45:32','CLIADMIN',TIMESTAMP'2008-01-02 08:45:32','CLIADMIN'),
	 ('SPN','VFIN','L',TIMESTAMP'2008-01-02 08:45:32','CLIADMIN',TIMESTAMP'2008-01-02 08:45:32','CLIADMIN'),
	 ('SPN','VFIN','S',TIMESTAMP'2008-01-02 08:45:32','CLIADMIN',TIMESTAMP'2008-01-02 08:45:32','CLIADMIN'),
	 ('SPN','VFIN','U',TIMESTAMP'2008-01-02 08:45:32','CLIADMIN',TIMESTAMP'2008-01-02 08:45:32','CLIADMIN'),
	 ('SPN','VTEN','A',TIMESTAMP'2008-01-02 08:45:32','CLIADMIN',TIMESTAMP'2008-01-02 08:45:32','CLIADMIN'),
	 ('SPN','VTEN','B',TIMESTAMP'2008-01-02 08:45:32','CLIADMIN',TIMESTAMP'2008-01-02 08:45:32','CLIADMIN'),
	 ('SPN','VTEN','C',TIMESTAMP'2008-01-02 08:45:32','CLIADMIN',TIMESTAMP'2008-01-02 08:45:32','CLIADMIN'),
	 ('SPN','VTEN','F',TIMESTAMP'2008-01-02 08:45:32','CLIADMIN',TIMESTAMP'2008-01-02 08:45:32','CLIADMIN'),
	 ('SPN','VTEN','G',TIMESTAMP'2008-01-02 08:45:32','CLIADMIN',TIMESTAMP'2008-01-02 08:45:32','CLIADMIN'),
	 ('SPN','VTEN','I',TIMESTAMP'2008-01-02 08:45:32','CLIADMIN',TIMESTAMP'2008-01-02 08:45:32','CLIADMIN'),
	 ('SPN','VTEN','L',TIMESTAMP'2008-01-02 08:45:32','CLIADMIN',TIMESTAMP'2008-01-02 08:45:32','CLIADMIN'),
	 ('SPN','VTEN','S',TIMESTAMP'2008-01-02 08:45:32','CLIADMIN',TIMESTAMP'2008-01-02 08:45:32','CLIADMIN'),
	 ('SPN','VTEN','U',TIMESTAMP'2008-01-02 08:45:32','CLIADMIN',TIMESTAMP'2008-01-02 08:45:32','CLIADMIN'),
	 ('SPN','IBKR','A',TIMESTAMP'2008-01-02 08:45:32','CLIADMIN',TIMESTAMP'2008-01-02 08:45:32','CLIADMIN'),
	 ('SPN','IBKR','B',TIMESTAMP'2008-01-02 08:45:32','CLIADMIN',TIMESTAMP'2008-01-02 08:45:32','CLIADMIN'),
	 ('SPN','IBKR','C',TIMESTAMP'2008-01-02 08:45:32','CLIADMIN',TIMESTAMP'2008-01-02 08:45:32','CLIADMIN'),
	 ('SPN','IBKR','F',TIMESTAMP'2008-01-02 08:45:32','CLIADMIN',TIMESTAMP'2008-01-02 08:45:32','CLIADMIN'),
	 ('SPN','IBKR','G',TIMESTAMP'2008-01-02 08:45:32','CLIADMIN',TIMESTAMP'2008-01-02 08:45:32','CLIADMIN'),
	 ('SPN','IBKR','I',TIMESTAMP'2008-01-02 08:45:32','CLIADMIN',TIMESTAMP'2008-01-02 08:45:32','CLIADMIN');
INSERT INTO THE.CLIENT_ACTION_REASON_XREF (CLIENT_UPDATE_ACTION_CODE,CLIENT_UPDATE_REASON_CODE,CLIENT_TYPE_CODE,UPDATE_TIMESTAMP,UPDATE_USERID,ADD_TIMESTAMP,ADD_USERID) VALUES
	 ('SPN','IBKR','L',TIMESTAMP'2008-01-02 08:45:32','CLIADMIN',TIMESTAMP'2008-01-02 08:45:32','CLIADMIN'),
	 ('SPN','IBKR','S',TIMESTAMP'2008-01-02 08:45:32','CLIADMIN',TIMESTAMP'2008-01-02 08:45:32','CLIADMIN'),
	 ('SPN','IBKR','U',TIMESTAMP'2008-01-02 08:45:32','CLIADMIN',TIMESTAMP'2008-01-02 08:45:32','CLIADMIN'),
	 ('DAC','DUPL','A',TIMESTAMP'2008-01-02 08:45:32','CLIADMIN',TIMESTAMP'2008-01-02 08:45:32','CLIADMIN'),
	 ('DAC','DUPL','B',TIMESTAMP'2008-01-02 08:45:32','CLIADMIN',TIMESTAMP'2008-01-02 08:45:32','CLIADMIN'),
	 ('DAC','DUPL','C',TIMESTAMP'2008-01-02 08:45:32','CLIADMIN',TIMESTAMP'2008-01-02 08:45:32','CLIADMIN'),
	 ('DAC','DUPL','F',TIMESTAMP'2008-01-02 08:45:32','CLIADMIN',TIMESTAMP'2008-01-02 08:45:32','CLIADMIN'),
	 ('DAC','DUPL','G',TIMESTAMP'2008-01-02 08:45:32','CLIADMIN',TIMESTAMP'2008-01-02 08:45:32','CLIADMIN'),
	 ('DAC','DUPL','I',TIMESTAMP'2008-01-02 08:45:32','CLIADMIN',TIMESTAMP'2008-01-02 08:45:32','CLIADMIN'),
	 ('DAC','DUPL','L',TIMESTAMP'2008-01-02 08:45:32','CLIADMIN',TIMESTAMP'2008-01-02 08:45:32','CLIADMIN'),
	 ('DAC','DUPL','S',TIMESTAMP'2008-01-02 08:45:32','CLIADMIN',TIMESTAMP'2008-01-02 08:45:32','CLIADMIN'),
	 ('DAC','DUPL','U',TIMESTAMP'2008-01-02 08:45:32','CLIADMIN',TIMESTAMP'2008-01-02 08:45:32','CLIADMIN'),
	 ('DAC','NLDB','A',TIMESTAMP'2008-01-02 08:45:32','CLIADMIN',TIMESTAMP'2008-01-02 08:45:32','CLIADMIN'),
	 ('DAC','NLDB','B',TIMESTAMP'2008-01-02 08:45:32','CLIADMIN',TIMESTAMP'2008-01-02 08:45:32','CLIADMIN'),
	 ('DAC','NLDB','C',TIMESTAMP'2008-01-02 08:45:32','CLIADMIN',TIMESTAMP'2008-01-02 08:45:32','CLIADMIN'),
	 ('DAC','NLDB','F',TIMESTAMP'2008-01-02 08:45:32','CLIADMIN',TIMESTAMP'2008-01-02 08:45:32','CLIADMIN'),
	 ('DAC','NLDB','G',TIMESTAMP'2008-01-02 08:45:32','CLIADMIN',TIMESTAMP'2008-01-02 08:45:32','CLIADMIN'),
	 ('DAC','NLDB','I',TIMESTAMP'2008-01-02 08:45:32','CLIADMIN',TIMESTAMP'2008-01-02 08:45:32','CLIADMIN'),
	 ('DAC','NLDB','L',TIMESTAMP'2008-01-02 08:45:32','CLIADMIN',TIMESTAMP'2008-01-02 08:45:32','CLIADMIN'),
	 ('DAC','NLDB','S',TIMESTAMP'2008-01-02 08:45:32','CLIADMIN',TIMESTAMP'2008-01-02 08:45:32','CLIADMIN');
INSERT INTO THE.CLIENT_ACTION_REASON_XREF (CLIENT_UPDATE_ACTION_CODE,CLIENT_UPDATE_REASON_CODE,CLIENT_TYPE_CODE,UPDATE_TIMESTAMP,UPDATE_USERID,ADD_TIMESTAMP,ADD_USERID) VALUES
	 ('DAC','NLDB','U',TIMESTAMP'2008-01-02 08:45:32','CLIADMIN',TIMESTAMP'2008-01-02 08:45:32','CLIADMIN'),
	 ('DAC','BKR','A',TIMESTAMP'2008-01-02 08:45:32','CLIADMIN',TIMESTAMP'2008-01-02 08:45:32','CLIADMIN'),
	 ('DAC','BKR','B',TIMESTAMP'2008-01-02 08:45:32','CLIADMIN',TIMESTAMP'2008-01-02 08:45:32','CLIADMIN'),
	 ('DAC','BKR','C',TIMESTAMP'2008-01-02 08:45:32','CLIADMIN',TIMESTAMP'2008-01-02 08:45:32','CLIADMIN'),
	 ('DAC','BKR','F',TIMESTAMP'2008-01-02 08:45:32','CLIADMIN',TIMESTAMP'2008-01-02 08:45:32','CLIADMIN'),
	 ('DAC','BKR','G',TIMESTAMP'2008-01-02 08:45:32','CLIADMIN',TIMESTAMP'2008-01-02 08:45:32','CLIADMIN'),
	 ('DAC','BKR','I',TIMESTAMP'2008-01-02 08:45:32','CLIADMIN',TIMESTAMP'2008-01-02 08:45:32','CLIADMIN'),
	 ('DAC','BKR','L',TIMESTAMP'2008-01-02 08:45:32','CLIADMIN',TIMESTAMP'2008-01-02 08:45:32','CLIADMIN'),
	 ('DAC','BKR','S',TIMESTAMP'2008-01-02 08:45:32','CLIADMIN',TIMESTAMP'2008-01-02 08:45:32','CLIADMIN'),
	 ('DAC','BKR','U',TIMESTAMP'2008-01-02 08:45:32','CLIADMIN',TIMESTAMP'2008-01-02 08:45:32','CLIADMIN'),
	 ('DAC','CORR','A',TIMESTAMP'2008-01-02 08:45:32','CLIADMIN',TIMESTAMP'2008-01-02 08:45:32','CLIADMIN'),
	 ('DAC','CORR','B',TIMESTAMP'2008-01-02 08:45:32','CLIADMIN',TIMESTAMP'2008-01-02 08:45:32','CLIADMIN'),
	 ('DAC','CORR','C',TIMESTAMP'2008-01-02 08:45:32','CLIADMIN',TIMESTAMP'2008-01-02 08:45:32','CLIADMIN'),
	 ('DAC','CORR','F',TIMESTAMP'2008-01-02 08:45:32','CLIADMIN',TIMESTAMP'2008-01-02 08:45:32','CLIADMIN'),
	 ('DAC','CORR','G',TIMESTAMP'2008-01-02 08:45:32','CLIADMIN',TIMESTAMP'2008-01-02 08:45:32','CLIADMIN'),
	 ('DAC','CORR','I',TIMESTAMP'2008-01-02 08:45:33','CLIADMIN',TIMESTAMP'2008-01-02 08:45:33','CLIADMIN'),
	 ('DAC','CORR','L',TIMESTAMP'2008-01-02 08:45:33','CLIADMIN',TIMESTAMP'2008-01-02 08:45:33','CLIADMIN'),
	 ('DAC','CORR','S',TIMESTAMP'2008-01-02 08:45:33','CLIADMIN',TIMESTAMP'2008-01-02 08:45:33','CLIADMIN'),
	 ('DAC','CORR','U',TIMESTAMP'2008-01-02 08:45:33','CLIADMIN',TIMESTAMP'2008-01-02 08:45:33','CLIADMIN'),
	 ('USPN','TEMP','A',TIMESTAMP'2008-01-02 08:45:33','CLIADMIN',TIMESTAMP'2008-01-02 08:45:33','CLIADMIN');
INSERT INTO THE.CLIENT_ACTION_REASON_XREF (CLIENT_UPDATE_ACTION_CODE,CLIENT_UPDATE_REASON_CODE,CLIENT_TYPE_CODE,UPDATE_TIMESTAMP,UPDATE_USERID,ADD_TIMESTAMP,ADD_USERID) VALUES
	 ('USPN','TEMP','B',TIMESTAMP'2008-01-02 08:45:33','CLIADMIN',TIMESTAMP'2008-01-02 08:45:33','CLIADMIN'),
	 ('USPN','TEMP','C',TIMESTAMP'2008-01-02 08:45:33','CLIADMIN',TIMESTAMP'2008-01-02 08:45:33','CLIADMIN'),
	 ('USPN','TEMP','F',TIMESTAMP'2008-01-02 08:45:33','CLIADMIN',TIMESTAMP'2008-01-02 08:45:33','CLIADMIN'),
	 ('USPN','TEMP','G',TIMESTAMP'2008-01-02 08:45:33','CLIADMIN',TIMESTAMP'2008-01-02 08:45:33','CLIADMIN'),
	 ('USPN','TEMP','I',TIMESTAMP'2008-01-02 08:45:33','CLIADMIN',TIMESTAMP'2008-01-02 08:45:33','CLIADMIN'),
	 ('USPN','TEMP','L',TIMESTAMP'2008-01-02 08:45:33','CLIADMIN',TIMESTAMP'2008-01-02 08:45:33','CLIADMIN'),
	 ('USPN','TEMP','S',TIMESTAMP'2008-01-02 08:45:33','CLIADMIN',TIMESTAMP'2008-01-02 08:45:33','CLIADMIN'),
	 ('USPN','TEMP','U',TIMESTAMP'2008-01-02 08:45:33','CLIADMIN',TIMESTAMP'2008-01-02 08:45:33','CLIADMIN'),
	 ('USPN','OBLG','A',TIMESTAMP'2008-01-02 08:45:33','CLIADMIN',TIMESTAMP'2008-01-02 08:45:33','CLIADMIN'),
	 ('USPN','OBLG','B',TIMESTAMP'2008-01-02 08:45:33','CLIADMIN',TIMESTAMP'2008-01-02 08:45:33','CLIADMIN'),
	 ('USPN','OBLG','C',TIMESTAMP'2008-01-02 08:45:33','CLIADMIN',TIMESTAMP'2008-01-02 08:45:33','CLIADMIN'),
	 ('USPN','OBLG','F',TIMESTAMP'2008-01-02 08:45:33','CLIADMIN',TIMESTAMP'2008-01-02 08:45:33','CLIADMIN'),
	 ('USPN','OBLG','G',TIMESTAMP'2008-01-02 08:45:33','CLIADMIN',TIMESTAMP'2008-01-02 08:45:33','CLIADMIN'),
	 ('USPN','OBLG','I',TIMESTAMP'2008-01-02 08:45:33','CLIADMIN',TIMESTAMP'2008-01-02 08:45:33','CLIADMIN'),
	 ('USPN','OBLG','L',TIMESTAMP'2008-01-02 08:45:33','CLIADMIN',TIMESTAMP'2008-01-02 08:45:33','CLIADMIN'),
	 ('USPN','OBLG','S',TIMESTAMP'2008-01-02 08:45:33','CLIADMIN',TIMESTAMP'2008-01-02 08:45:33','CLIADMIN'),
	 ('USPN','OBLG','U',TIMESTAMP'2008-01-02 08:45:33','CLIADMIN',TIMESTAMP'2008-01-02 08:45:33','CLIADMIN'),
	 ('RACT','TEMP','A',TIMESTAMP'2008-01-02 08:45:33','CLIADMIN',TIMESTAMP'2008-01-02 08:45:33','CLIADMIN'),
	 ('RACT','TEMP','B',TIMESTAMP'2008-01-02 08:45:33','CLIADMIN',TIMESTAMP'2008-01-02 08:45:33','CLIADMIN'),
	 ('RACT','TEMP','C',TIMESTAMP'2008-01-02 08:45:33','CLIADMIN',TIMESTAMP'2008-01-02 08:45:33','CLIADMIN');
INSERT INTO THE.CLIENT_ACTION_REASON_XREF (CLIENT_UPDATE_ACTION_CODE,CLIENT_UPDATE_REASON_CODE,CLIENT_TYPE_CODE,UPDATE_TIMESTAMP,UPDATE_USERID,ADD_TIMESTAMP,ADD_USERID) VALUES
	 ('RACT','TEMP','F',TIMESTAMP'2008-01-02 08:45:33','CLIADMIN',TIMESTAMP'2008-01-02 08:45:33','CLIADMIN'),
	 ('RACT','TEMP','G',TIMESTAMP'2008-01-02 08:45:33','CLIADMIN',TIMESTAMP'2008-01-02 08:45:33','CLIADMIN'),
	 ('RACT','TEMP','I',TIMESTAMP'2008-01-02 08:45:33','CLIADMIN',TIMESTAMP'2008-01-02 08:45:33','CLIADMIN'),
	 ('RACT','TEMP','L',TIMESTAMP'2008-01-02 08:45:33','CLIADMIN',TIMESTAMP'2008-01-02 08:45:33','CLIADMIN'),
	 ('RACT','TEMP','S',TIMESTAMP'2008-01-02 08:45:33','CLIADMIN',TIMESTAMP'2008-01-02 08:45:33','CLIADMIN'),
	 ('RACT','TEMP','U',TIMESTAMP'2008-01-02 08:45:33','CLIADMIN',TIMESTAMP'2008-01-02 08:45:33','CLIADMIN'),
	 ('RACT','CORR','A',TIMESTAMP'2008-01-02 08:45:33','CLIADMIN',TIMESTAMP'2008-01-02 08:45:33','CLIADMIN'),
	 ('RACT','CORR','B',TIMESTAMP'2008-01-02 08:45:33','CLIADMIN',TIMESTAMP'2008-01-02 08:45:33','CLIADMIN'),
	 ('RACT','CORR','C',TIMESTAMP'2008-01-02 08:45:33','CLIADMIN',TIMESTAMP'2008-01-02 08:45:33','CLIADMIN'),
	 ('RACT','CORR','F',TIMESTAMP'2008-01-02 08:45:33','CLIADMIN',TIMESTAMP'2008-01-02 08:45:33','CLIADMIN'),
	 ('RACT','CORR','G',TIMESTAMP'2008-01-02 08:45:33','CLIADMIN',TIMESTAMP'2008-01-02 08:45:33','CLIADMIN'),
	 ('RACT','CORR','I',TIMESTAMP'2008-01-02 08:45:33','CLIADMIN',TIMESTAMP'2008-01-02 08:45:33','CLIADMIN'),
	 ('RACT','CORR','L',TIMESTAMP'2008-01-02 08:45:33','CLIADMIN',TIMESTAMP'2008-01-02 08:45:33','CLIADMIN'),
	 ('RACT','CORR','S',TIMESTAMP'2008-01-02 08:45:33','CLIADMIN',TIMESTAMP'2008-01-02 08:45:33','CLIADMIN'),
	 ('RACT','CORR','U',TIMESTAMP'2008-01-02 08:45:33','CLIADMIN',TIMESTAMP'2008-01-02 08:45:33','CLIADMIN'),
	 ('ID','REID','A',TIMESTAMP'2008-01-02 08:45:33','CLIADMIN',TIMESTAMP'2008-01-02 08:45:33','CLIADMIN'),
	 ('ID','REID','B',TIMESTAMP'2008-01-02 08:45:33','CLIADMIN',TIMESTAMP'2008-01-02 08:45:33','CLIADMIN'),
	 ('ID','REID','C',TIMESTAMP'2008-01-02 08:45:33','CLIADMIN',TIMESTAMP'2008-01-02 08:45:33','CLIADMIN'),
	 ('ID','REID','I',TIMESTAMP'2008-01-02 08:45:33','CLIADMIN',TIMESTAMP'2008-01-02 08:45:33','CLIADMIN'),
	 ('ID','REID','L',TIMESTAMP'2008-01-02 08:45:33','CLIADMIN',TIMESTAMP'2008-01-02 08:45:33','CLIADMIN');
INSERT INTO THE.CLIENT_ACTION_REASON_XREF (CLIENT_UPDATE_ACTION_CODE,CLIENT_UPDATE_REASON_CODE,CLIENT_TYPE_CODE,UPDATE_TIMESTAMP,UPDATE_USERID,ADD_TIMESTAMP,ADD_USERID) VALUES
	 ('ID','REID','S',TIMESTAMP'2008-01-02 08:45:33','CLIADMIN',TIMESTAMP'2008-01-02 08:45:33','CLIADMIN'),
	 ('ID','REID','U',TIMESTAMP'2008-01-02 08:45:33','CLIADMIN',TIMESTAMP'2008-01-02 08:45:33','CLIADMIN'),
	 ('ID','CORR','A',TIMESTAMP'2008-01-02 08:45:33','CLIADMIN',TIMESTAMP'2008-01-02 08:45:33','CLIADMIN'),
	 ('ID','CORR','B',TIMESTAMP'2008-01-02 08:45:33','CLIADMIN',TIMESTAMP'2008-01-02 08:45:33','CLIADMIN'),
	 ('ID','CORR','C',TIMESTAMP'2008-01-02 08:45:33','CLIADMIN',TIMESTAMP'2008-01-02 08:45:33','CLIADMIN'),
	 ('ID','CORR','I',TIMESTAMP'2008-01-02 08:45:33','CLIADMIN',TIMESTAMP'2008-01-02 08:45:33','CLIADMIN'),
	 ('ID','CORR','L',TIMESTAMP'2008-01-02 08:45:33','CLIADMIN',TIMESTAMP'2008-01-02 08:45:33','CLIADMIN'),
	 ('ID','CORR','S',TIMESTAMP'2008-01-02 08:45:33','CLIADMIN',TIMESTAMP'2008-01-02 08:45:33','CLIADMIN'),
	 ('ID','CORR','U',TIMESTAMP'2008-01-02 08:45:33','CLIADMIN',TIMESTAMP'2008-01-02 08:45:33','CLIADMIN'),
	 ('SPN','IDIS','C',TIMESTAMP'2008-01-02 08:45:34','CLIADMIN',TIMESTAMP'2008-01-02 08:45:34','CLIADMIN'),
	 ('SPN','IEST','B',TIMESTAMP'2008-01-02 08:45:34','CLIADMIN',TIMESTAMP'2008-01-02 08:45:34','CLIADMIN'),
	 ('SPN','IEST','I',TIMESTAMP'2008-01-02 08:45:34','CLIADMIN',TIMESTAMP'2008-01-02 08:45:34','CLIADMIN'),
	 ('SPN','IREC','A',TIMESTAMP'2008-01-02 08:45:34','CLIADMIN',TIMESTAMP'2008-01-02 08:45:34','CLIADMIN'),
	 ('SPN','IREC','B',TIMESTAMP'2008-01-02 08:45:34','CLIADMIN',TIMESTAMP'2008-01-02 08:45:34','CLIADMIN'),
	 ('SPN','IREC','C',TIMESTAMP'2008-01-02 08:45:34','CLIADMIN',TIMESTAMP'2008-01-02 08:45:34','CLIADMIN'),
	 ('SPN','IREC','L',TIMESTAMP'2008-01-02 08:45:34','CLIADMIN',TIMESTAMP'2008-01-02 08:45:34','CLIADMIN'),
	 ('SPN','IREC','S',TIMESTAMP'2008-01-02 08:45:35','CLIADMIN',TIMESTAMP'2008-01-02 08:45:35','CLIADMIN'),
	 ('SPN','IREC','U',TIMESTAMP'2008-01-02 08:45:35','CLIADMIN',TIMESTAMP'2008-01-02 08:45:35','CLIADMIN'),
	 ('DAC','RORG','A',TIMESTAMP'2008-01-02 08:45:35','CLIADMIN',TIMESTAMP'2008-01-02 08:45:35','CLIADMIN'),
	 ('DAC','RORG','C',TIMESTAMP'2008-01-02 08:45:35','CLIADMIN',TIMESTAMP'2008-01-02 08:45:35','CLIADMIN');
INSERT INTO THE.CLIENT_ACTION_REASON_XREF (CLIENT_UPDATE_ACTION_CODE,CLIENT_UPDATE_REASON_CODE,CLIENT_TYPE_CODE,UPDATE_TIMESTAMP,UPDATE_USERID,ADD_TIMESTAMP,ADD_USERID) VALUES
	 ('DAC','RORG','L',TIMESTAMP'2008-01-02 08:45:35','CLIADMIN',TIMESTAMP'2008-01-02 08:45:35','CLIADMIN'),
	 ('DAC','RORG','S',TIMESTAMP'2008-01-02 08:45:35','CLIADMIN',TIMESTAMP'2008-01-02 08:45:35','CLIADMIN'),
	 ('DAC','RORG','U',TIMESTAMP'2008-01-02 08:45:35','CLIADMIN',TIMESTAMP'2008-01-02 08:45:35','CLIADMIN'),
	 ('DAC','DIS','C',TIMESTAMP'2008-01-02 08:45:35','CLIADMIN',TIMESTAMP'2008-01-02 08:45:35','CLIADMIN'),
	 ('DAC','CNTI','C',TIMESTAMP'2008-01-02 08:45:35','CLIADMIN',TIMESTAMP'2008-01-02 08:45:35','CLIADMIN'),
	 ('DAC','CNTO','C',TIMESTAMP'2008-01-02 08:45:35','CLIADMIN',TIMESTAMP'2008-01-02 08:45:35','CLIADMIN'),
	 ('DAC','DEC','B',TIMESTAMP'2008-01-02 08:45:35','CLIADMIN',TIMESTAMP'2008-01-02 08:45:35','CLIADMIN'),
	 ('DAC','DEC','I',TIMESTAMP'2008-01-02 08:45:35','CLIADMIN',TIMESTAMP'2008-01-02 08:45:35','CLIADMIN'),
	 ('DAC','REC','A',TIMESTAMP'2008-01-02 08:45:35','CLIADMIN',TIMESTAMP'2008-01-02 08:45:35','CLIADMIN'),
	 ('DAC','REC','B',TIMESTAMP'2008-01-02 08:45:35','CLIADMIN',TIMESTAMP'2008-01-02 08:45:35','CLIADMIN'),
	 ('DAC','REC','C',TIMESTAMP'2008-01-02 08:45:35','CLIADMIN',TIMESTAMP'2008-01-02 08:45:35','CLIADMIN'),
	 ('DAC','REC','L',TIMESTAMP'2008-01-02 08:45:35','CLIADMIN',TIMESTAMP'2008-01-02 08:45:35','CLIADMIN'),
	 ('DAC','REC','S',TIMESTAMP'2008-01-02 08:45:35','CLIADMIN',TIMESTAMP'2008-01-02 08:45:35','CLIADMIN'),
	 ('DAC','REC','U',TIMESTAMP'2008-01-02 08:45:35','CLIADMIN',TIMESTAMP'2008-01-02 08:45:35','CLIADMIN'),
	 ('NAME','EXEC','I',TIMESTAMP'2008-05-07 08:14:59','CLIADMIN',TIMESTAMP'2008-05-07 08:14:59','CLIADMIN'),
	 ('DAC','DIS','A',TIMESTAMP'2008-05-07 08:14:59','CLIADMIN',TIMESTAMP'2008-05-07 08:14:59','CLIADMIN'),
	 ('DAC','DIS','S',TIMESTAMP'2008-05-07 08:14:59','CLIADMIN',TIMESTAMP'2008-05-07 08:14:59','CLIADMIN'),
	 ('SPN','IDIS','A',TIMESTAMP'2008-05-07 08:14:59','CLIADMIN',TIMESTAMP'2008-05-07 08:14:59','CLIADMIN'),
	 ('SPN','IDIS','S',TIMESTAMP'2008-05-07 08:14:59','CLIADMIN',TIMESTAMP'2008-05-07 08:14:59','CLIADMIN'),
	 ('SPN','RSPN','A',TIMESTAMP'2008-05-07 08:14:59','CLIADMIN',TIMESTAMP'2008-05-07 08:14:59','CLIADMIN');
INSERT INTO THE.CLIENT_ACTION_REASON_XREF (CLIENT_UPDATE_ACTION_CODE,CLIENT_UPDATE_REASON_CODE,CLIENT_TYPE_CODE,UPDATE_TIMESTAMP,UPDATE_USERID,ADD_TIMESTAMP,ADD_USERID) VALUES
	 ('SPN','RSPN','B',TIMESTAMP'2008-05-07 08:14:59','CLIADMIN',TIMESTAMP'2008-05-07 08:14:59','CLIADMIN'),
	 ('SPN','RSPN','C',TIMESTAMP'2008-05-07 08:14:59','CLIADMIN',TIMESTAMP'2008-05-07 08:14:59','CLIADMIN'),
	 ('SPN','RSPN','I',TIMESTAMP'2008-05-07 08:14:59','CLIADMIN',TIMESTAMP'2008-05-07 08:14:59','CLIADMIN'),
	 ('SPN','RSPN','L',TIMESTAMP'2008-05-07 08:14:59','CLIADMIN',TIMESTAMP'2008-05-07 08:14:59','CLIADMIN'),
	 ('SPN','RSPN','R',TIMESTAMP'2008-05-07 08:14:59','CLIADMIN',TIMESTAMP'2008-05-07 08:14:59','CLIADMIN'),
	 ('SPN','RSPN','S',TIMESTAMP'2008-05-07 08:14:59','CLIADMIN',TIMESTAMP'2008-05-07 08:14:59','CLIADMIN'),
	 ('SPN','RSPN','T',TIMESTAMP'2008-05-07 08:14:59','CLIADMIN',TIMESTAMP'2008-05-07 08:14:59','CLIADMIN'),
	 ('SPN','RSPN','U',TIMESTAMP'2008-05-07 08:14:59','CLIADMIN',TIMESTAMP'2008-05-07 08:14:59','CLIADMIN'),
	 ('ADDR','CORR','T',TIMESTAMP'2008-05-07 08:14:59','CLIADMIN',TIMESTAMP'2008-05-07 08:14:59','CLIADMIN'),
	 ('ADDR','CORR','R',TIMESTAMP'2008-05-07 08:14:59','CLIADMIN',TIMESTAMP'2008-05-07 08:14:59','CLIADMIN'),
	 ('ADDR','MOVE','T',TIMESTAMP'2008-05-07 08:14:59','CLIADMIN',TIMESTAMP'2008-05-07 08:14:59','CLIADMIN'),
	 ('ADDR','MOVE','R',TIMESTAMP'2008-05-07 08:14:59','CLIADMIN',TIMESTAMP'2008-05-07 08:14:59','CLIADMIN'),
	 ('DAC','CORR','T',TIMESTAMP'2008-05-07 08:14:59','CLIADMIN',TIMESTAMP'2008-05-07 08:14:59','CLIADMIN'),
	 ('DAC','CORR','R',TIMESTAMP'2008-05-07 08:14:59','CLIADMIN',TIMESTAMP'2008-05-07 08:14:59','CLIADMIN'),
	 ('DAC','DUPL','T',TIMESTAMP'2008-05-07 08:14:59','CLIADMIN',TIMESTAMP'2008-05-07 08:14:59','CLIADMIN'),
	 ('DAC','DUPL','R',TIMESTAMP'2008-05-07 08:14:59','CLIADMIN',TIMESTAMP'2008-05-07 08:14:59','CLIADMIN'),
	 ('DAC','NLDB','T',TIMESTAMP'2008-05-07 08:14:59','CLIADMIN',TIMESTAMP'2008-05-07 08:14:59','CLIADMIN'),
	 ('DAC','NLDB','R',TIMESTAMP'2008-05-07 08:14:59','CLIADMIN',TIMESTAMP'2008-05-07 08:14:59','CLIADMIN'),
	 ('ID','CORR','T',TIMESTAMP'2008-05-07 08:14:59','CLIADMIN',TIMESTAMP'2008-05-07 08:14:59','CLIADMIN'),
	 ('ID','CORR','R',TIMESTAMP'2008-05-07 08:14:59','CLIADMIN',TIMESTAMP'2008-05-07 08:14:59','CLIADMIN');
INSERT INTO THE.CLIENT_ACTION_REASON_XREF (CLIENT_UPDATE_ACTION_CODE,CLIENT_UPDATE_REASON_CODE,CLIENT_TYPE_CODE,UPDATE_TIMESTAMP,UPDATE_USERID,ADD_TIMESTAMP,ADD_USERID) VALUES
	 ('NAME','CORR','T',TIMESTAMP'2008-05-07 08:14:59','CLIADMIN',TIMESTAMP'2008-05-07 08:14:59','CLIADMIN'),
	 ('NAME','CORR','R',TIMESTAMP'2008-05-07 08:14:59','CLIADMIN',TIMESTAMP'2008-05-07 08:14:59','CLIADMIN'),
	 ('NAME','LNAM','T',TIMESTAMP'2008-05-07 08:14:59','CLIADMIN',TIMESTAMP'2008-05-07 08:14:59','CLIADMIN'),
	 ('NAME','LNAM','R',TIMESTAMP'2008-05-07 08:14:59','CLIADMIN',TIMESTAMP'2008-05-07 08:14:59','CLIADMIN'),
	 ('RACT','CORR','T',TIMESTAMP'2008-05-07 08:14:59','CLIADMIN',TIMESTAMP'2008-05-07 08:14:59','CLIADMIN'),
	 ('RACT','CORR','R',TIMESTAMP'2008-05-07 08:14:59','CLIADMIN',TIMESTAMP'2008-05-07 08:14:59','CLIADMIN'),
	 ('RACT','TEMP','T',TIMESTAMP'2008-05-07 08:14:59','CLIADMIN',TIMESTAMP'2008-05-07 08:14:59','CLIADMIN'),
	 ('RACT','TEMP','R',TIMESTAMP'2008-05-07 08:14:59','CLIADMIN',TIMESTAMP'2008-05-07 08:14:59','CLIADMIN'),
	 ('SPN','VFIN','T',TIMESTAMP'2008-05-07 08:14:59','CLIADMIN',TIMESTAMP'2008-05-07 08:14:59','CLIADMIN'),
	 ('SPN','VFIN','R',TIMESTAMP'2008-05-07 08:14:59','CLIADMIN',TIMESTAMP'2008-05-07 08:14:59','CLIADMIN'),
	 ('SPN','VTEN','T',TIMESTAMP'2008-05-07 08:15:00','CLIADMIN',TIMESTAMP'2008-05-07 08:15:00','CLIADMIN'),
	 ('SPN','VTEN','R',TIMESTAMP'2008-05-07 08:15:00','CLIADMIN',TIMESTAMP'2008-05-07 08:15:00','CLIADMIN'),
	 ('USPN','OBLG','T',TIMESTAMP'2008-05-07 08:15:00','CLIADMIN',TIMESTAMP'2008-05-07 08:15:00','CLIADMIN'),
	 ('USPN','OBLG','R',TIMESTAMP'2008-05-07 08:15:00','CLIADMIN',TIMESTAMP'2008-05-07 08:15:00','CLIADMIN'),
	 ('USPN','CORR','T',TIMESTAMP'2008-05-07 08:15:00','CLIADMIN',TIMESTAMP'2008-05-07 08:15:00','CLIADMIN'),
	 ('USPN','CORR','R',TIMESTAMP'2008-05-07 08:15:00','CLIADMIN',TIMESTAMP'2008-05-07 08:15:00','CLIADMIN'),
	 ('NAME','LNAM','P',TIMESTAMP'2013-05-28 09:27:27','CLIADMIN',TIMESTAMP'2013-05-28 09:27:27','CLIADMIN'),
	 ('NAME','CORR','P',TIMESTAMP'2013-05-28 09:27:27','CLIADMIN',TIMESTAMP'2013-05-28 09:27:27','CLIADMIN'),
	 ('ADDR','MOVE','P',TIMESTAMP'2013-05-28 09:27:27','CLIADMIN',TIMESTAMP'2013-05-28 09:27:27','CLIADMIN'),
	 ('ADDR','CORR','P',TIMESTAMP'2013-05-28 09:27:27','CLIADMIN',TIMESTAMP'2013-05-28 09:27:27','CLIADMIN');
INSERT INTO THE.CLIENT_ACTION_REASON_XREF (CLIENT_UPDATE_ACTION_CODE,CLIENT_UPDATE_REASON_CODE,CLIENT_TYPE_CODE,UPDATE_TIMESTAMP,UPDATE_USERID,ADD_TIMESTAMP,ADD_USERID) VALUES
	 ('SPN','VFIN','P',TIMESTAMP'2013-05-28 09:27:27','CLIADMIN',TIMESTAMP'2013-05-28 09:27:27','CLIADMIN'),
	 ('SPN','VTEN','P',TIMESTAMP'2013-05-28 09:27:27','CLIADMIN',TIMESTAMP'2013-05-28 09:27:27','CLIADMIN'),
	 ('SPN','IBKR','P',TIMESTAMP'2013-05-28 09:27:27','CLIADMIN',TIMESTAMP'2013-05-28 09:27:27','CLIADMIN'),
	 ('SPN','IREC','P',TIMESTAMP'2013-05-28 09:27:27','CLIADMIN',TIMESTAMP'2013-05-28 09:27:27','CLIADMIN'),
	 ('SPN','RSPN','P',TIMESTAMP'2013-05-28 09:27:27','CLIADMIN',TIMESTAMP'2013-05-28 09:27:27','CLIADMIN'),
	 ('DAC','DUPL','P',TIMESTAMP'2013-05-28 09:27:27','CLIADMIN',TIMESTAMP'2013-05-28 09:27:27','CLIADMIN'),
	 ('DAC','NLDB','P',TIMESTAMP'2013-05-28 09:27:27','CLIADMIN',TIMESTAMP'2013-05-28 09:27:27','CLIADMIN'),
	 ('DAC','BKR','P',TIMESTAMP'2013-05-28 09:27:27','CLIADMIN',TIMESTAMP'2013-05-28 09:27:27','CLIADMIN'),
	 ('DAC','CORR','P',TIMESTAMP'2013-05-28 09:27:27','CLIADMIN',TIMESTAMP'2013-05-28 09:27:27','CLIADMIN'),
	 ('DAC','RORG','P',TIMESTAMP'2013-05-28 09:27:27','CLIADMIN',TIMESTAMP'2013-05-28 09:27:27','CLIADMIN'),
	 ('DAC','REC','P',TIMESTAMP'2013-05-28 09:27:27','CLIADMIN',TIMESTAMP'2013-05-28 09:27:27','CLIADMIN'),
	 ('USPN','TEMP','P',TIMESTAMP'2013-05-28 09:27:27','CLIADMIN',TIMESTAMP'2013-05-28 09:27:27','CLIADMIN'),
	 ('USPN','OBLG','P',TIMESTAMP'2013-05-28 09:27:27','CLIADMIN',TIMESTAMP'2013-05-28 09:27:27','CLIADMIN'),
	 ('RACT','TEMP','P',TIMESTAMP'2013-05-28 09:27:27','CLIADMIN',TIMESTAMP'2013-05-28 09:27:27','CLIADMIN'),
	 ('RACT','CORR','P',TIMESTAMP'2013-05-28 09:27:27','CLIADMIN',TIMESTAMP'2013-05-28 09:27:27','CLIADMIN'),
	 ('ID','REID','P',TIMESTAMP'2013-05-28 09:27:27','CLIADMIN',TIMESTAMP'2013-05-28 09:27:27','CLIADMIN'),
	 ('ID','CORR','P',TIMESTAMP'2013-05-28 09:27:27','CLIADMIN',TIMESTAMP'2013-05-28 09:27:27','CLIADMIN');


INSERT INTO THE.CLIENT_ACTION_REASON_XREF
(CLIENT_UPDATE_ACTION_CODE, CLIENT_UPDATE_REASON_CODE, CLIENT_TYPE_CODE, UPDATE_TIMESTAMP, UPDATE_USERID, ADD_TIMESTAMP, ADD_USERID)
SELECT
	'ACDC',
	'UND',
	CLIENT_TYPE_CODE,
	TIMESTAMP '2024-10-07 00:00:00.0',
	'CLIADMIN',
	TIMESTAMP '2024-10-07 00:00:00.0',
	'CLIADMIN'
FROM CLIENT_TYPE_CODE;

INSERT INTO THE.CLIENT_ACTION_REASON_XREF
(CLIENT_UPDATE_ACTION_CODE, CLIENT_UPDATE_REASON_CODE, CLIENT_TYPE_CODE, UPDATE_TIMESTAMP, UPDATE_USERID, ADD_TIMESTAMP, ADD_USERID)
SELECT
	'ADDR',
	'UND',
	CLIENT_TYPE_CODE,
	TIMESTAMP '2024-10-07 00:00:00.0',
	'CLIADMIN',
	TIMESTAMP '2024-10-07 00:00:00.0',
	'CLIADMIN'
FROM CLIENT_TYPE_CODE;

INSERT INTO THE.CLIENT_ACTION_REASON_XREF
(CLIENT_UPDATE_ACTION_CODE, CLIENT_UPDATE_REASON_CODE, CLIENT_TYPE_CODE, UPDATE_TIMESTAMP, UPDATE_USERID, ADD_TIMESTAMP, ADD_USERID)
SELECT
	'DAC',
	'UND',
	CLIENT_TYPE_CODE,
	TIMESTAMP '2024-10-07 00:00:00.0',
	'CLIADMIN',
	TIMESTAMP '2024-10-07 00:00:00.0',
	'CLIADMIN'
FROM CLIENT_TYPE_CODE;

INSERT INTO THE.CLIENT_ACTION_REASON_XREF
(CLIENT_UPDATE_ACTION_CODE, CLIENT_UPDATE_REASON_CODE, CLIENT_TYPE_CODE, UPDATE_TIMESTAMP, UPDATE_USERID, ADD_TIMESTAMP, ADD_USERID)
SELECT
	'ID',
	'UND',
	CLIENT_TYPE_CODE,
	TIMESTAMP '2024-10-07 00:00:00.0',
	'CLIADMIN',
	TIMESTAMP '2024-10-07 00:00:00.0',
	'CLIADMIN'
FROM CLIENT_TYPE_CODE;

INSERT INTO THE.CLIENT_ACTION_REASON_XREF
(CLIENT_UPDATE_ACTION_CODE, CLIENT_UPDATE_REASON_CODE, CLIENT_TYPE_CODE, UPDATE_TIMESTAMP, UPDATE_USERID, ADD_TIMESTAMP, ADD_USERID)
SELECT
	'NAME',
	'UND',
	CLIENT_TYPE_CODE,
	TIMESTAMP '2024-10-07 00:00:00.0',
	'CLIADMIN',
	TIMESTAMP '2024-10-07 00:00:00.0',
	'CLIADMIN'
FROM CLIENT_TYPE_CODE;

INSERT INTO THE.CLIENT_ACTION_REASON_XREF
(CLIENT_UPDATE_ACTION_CODE, CLIENT_UPDATE_REASON_CODE, CLIENT_TYPE_CODE, UPDATE_TIMESTAMP, UPDATE_USERID, ADD_TIMESTAMP, ADD_USERID)
SELECT
	'RACT',
	'UND',
	CLIENT_TYPE_CODE,
	TIMESTAMP '2024-10-07 00:00:00.0',
	'CLIADMIN',
	TIMESTAMP '2024-10-07 00:00:00.0',
	'CLIADMIN'
FROM CLIENT_TYPE_CODE;

INSERT INTO THE.CLIENT_ACTION_REASON_XREF
(CLIENT_UPDATE_ACTION_CODE, CLIENT_UPDATE_REASON_CODE, CLIENT_TYPE_CODE, UPDATE_TIMESTAMP, UPDATE_USERID, ADD_TIMESTAMP, ADD_USERID)
SELECT
	'SPN',
	'UND',
	CLIENT_TYPE_CODE,
	TIMESTAMP '2024-10-07 00:00:00.0',
	'CLIADMIN',
	TIMESTAMP '2024-10-07 00:00:00.0',
	'CLIADMIN'
FROM CLIENT_TYPE_CODE;

INSERT INTO THE.CLIENT_ACTION_REASON_XREF
(CLIENT_UPDATE_ACTION_CODE, CLIENT_UPDATE_REASON_CODE, CLIENT_TYPE_CODE, UPDATE_TIMESTAMP, UPDATE_USERID, ADD_TIMESTAMP, ADD_USERID)
SELECT
	'USPN',
	'UND',
	CLIENT_TYPE_CODE,
	TIMESTAMP '2024-10-07 00:00:00.0',
	'CLIADMIN',
	TIMESTAMP '2024-10-07 00:00:00.0',
	'CLIADMIN'
FROM CLIENT_TYPE_CODE;