CREATE SEQUENCE client_number_seq
    START WITH 100
    INCREMENT BY 1
    NOCACHE
    NOCYCLE;

CREATE SEQUENCE client_contact_seq
    START WITH 100
    INCREMENT BY 1
    NOCACHE
    NOCYCLE;


CREATE TABLE THE.CLIENT_ID_TYPE_CODE (
  CLIENT_ID_TYPE_CODE VARCHAR2(4) NOT NULL,
  DESCRIPTION VARCHAR2(120) NOT NULL,
  EFFECTIVE_DATE DATE NOT NULL,
  EXPIRY_DATE DATE NOT NULL,
  UPDATE_TIMESTAMP DATE NOT NULL,
  CONSTRAINT CITC_PK PRIMARY KEY (CLIENT_ID_TYPE_CODE),
  CONSTRAINT SYS_C0012128 CHECK ("CLIENT_ID_TYPE_CODE" IS NOT NULL),
  CONSTRAINT SYS_C0012129 CHECK ("DESCRIPTION" IS NOT NULL),
  CONSTRAINT SYS_C0012130 CHECK ("EFFECTIVE_DATE" IS NOT NULL),
  CONSTRAINT SYS_C0012131 CHECK ("EXPIRY_DATE" IS NOT NULL),
  CONSTRAINT SYS_C0012132 CHECK ("UPDATE_TIMESTAMP" IS NOT NULL)
);

INSERT INTO THE.CLIENT_ID_TYPE_CODE
(CLIENT_ID_TYPE_CODE, DESCRIPTION, EFFECTIVE_DATE, EXPIRY_DATE, UPDATE_TIMESTAMP)
VALUES('BCDL', 'British Columbia Drivers Licence', TIMESTAMP '2007-01-01 00:00:00.000000', TIMESTAMP '9999-12-31 00:00:00.000000', TIMESTAMP '2007-07-12 13:00:40.000000');
INSERT INTO THE.CLIENT_ID_TYPE_CODE
(CLIENT_ID_TYPE_CODE, DESCRIPTION, EFFECTIVE_DATE, EXPIRY_DATE, UPDATE_TIMESTAMP)
VALUES('BCID', 'British Columbia Identification', TIMESTAMP '2007-01-01 00:00:00.000000', TIMESTAMP '9999-12-31 00:00:00.000000', TIMESTAMP '2007-07-12 13:00:40.000000');
INSERT INTO THE.CLIENT_ID_TYPE_CODE
(CLIENT_ID_TYPE_CODE, DESCRIPTION, EFFECTIVE_DATE, EXPIRY_DATE, UPDATE_TIMESTAMP)
VALUES('BRTH', 'Birth Certificate', TIMESTAMP '2007-01-01 00:00:00.000000', TIMESTAMP '9999-12-31 00:00:00.000000', TIMESTAMP '2007-07-12 13:00:40.000000');
INSERT INTO THE.CLIENT_ID_TYPE_CODE
(CLIENT_ID_TYPE_CODE, DESCRIPTION, EFFECTIVE_DATE, EXPIRY_DATE, UPDATE_TIMESTAMP)
VALUES('CITZ', 'Citizenship Card', TIMESTAMP '2007-01-01 00:00:00.000000', TIMESTAMP '9999-12-31 00:00:00.000000', TIMESTAMP '2007-07-12 13:00:40.000000');
INSERT INTO THE.CLIENT_ID_TYPE_CODE
(CLIENT_ID_TYPE_CODE, DESCRIPTION, EFFECTIVE_DATE, EXPIRY_DATE, UPDATE_TIMESTAMP)
VALUES('EXDL', 'Extraprovincial Drivers Licence', TIMESTAMP '2007-01-01 00:00:00.000000', TIMESTAMP '9999-12-31 00:00:00.000000', TIMESTAMP '2007-07-12 13:00:40.000000');
INSERT INTO THE.CLIENT_ID_TYPE_CODE
(CLIENT_ID_TYPE_CODE, DESCRIPTION, EFFECTIVE_DATE, EXPIRY_DATE, UPDATE_TIMESTAMP)
VALUES('FNID', 'First Nation Status ID', TIMESTAMP '2007-01-01 00:00:00.000000', TIMESTAMP '9999-12-31 00:00:00.000000', TIMESTAMP '2007-07-12 13:00:40.000000');
INSERT INTO THE.CLIENT_ID_TYPE_CODE
(CLIENT_ID_TYPE_CODE, DESCRIPTION, EFFECTIVE_DATE, EXPIRY_DATE, UPDATE_TIMESTAMP)
VALUES('MILI', 'Canadian Military ID', TIMESTAMP '2007-01-01 00:00:00.000000', TIMESTAMP '9999-12-31 00:00:00.000000', TIMESTAMP '2007-07-12 13:00:40.000000');
INSERT INTO THE.CLIENT_ID_TYPE_CODE
(CLIENT_ID_TYPE_CODE, DESCRIPTION, EFFECTIVE_DATE, EXPIRY_DATE, UPDATE_TIMESTAMP)
VALUES('OTHR', 'Other Identification', TIMESTAMP '2007-01-01 00:00:00.000000', TIMESTAMP '9999-12-31 00:00:00.000000', TIMESTAMP '2007-07-12 13:00:40.000000');
INSERT INTO THE.CLIENT_ID_TYPE_CODE
(CLIENT_ID_TYPE_CODE, DESCRIPTION, EFFECTIVE_DATE, EXPIRY_DATE, UPDATE_TIMESTAMP)
VALUES('PASS', 'Canadian Passport', TIMESTAMP '2007-01-01 00:00:00.000000', TIMESTAMP '9999-12-31 00:00:00.000000', TIMESTAMP '2007-07-12 13:00:40.000000');
INSERT INTO THE.CLIENT_ID_TYPE_CODE
(CLIENT_ID_TYPE_CODE, DESCRIPTION, EFFECTIVE_DATE, EXPIRY_DATE, UPDATE_TIMESTAMP)
VALUES('UNKN', 'Unknown', TIMESTAMP '2007-01-01 00:00:00.000000', TIMESTAMP '9999-12-31 00:00:00.000000', TIMESTAMP '2007-07-12 13:00:40.000000');

CREATE TABLE THE.CLIENT_STATUS_CODE (
	CLIENT_STATUS_CODE VARCHAR2(3) NOT NULL,
	DESCRIPTION VARCHAR2(120) NOT NULL,
	EFFECTIVE_DATE DATE NOT NULL,
	EXPIRY_DATE DATE NOT NULL,
	UPDATE_TIMESTAMP DATE NOT NULL,
	CONSTRAINT CSTC_PK PRIMARY KEY (CLIENT_STATUS_CODE),
	CONSTRAINT SYS_C0012691 CHECK ("CLIENT_STATUS_CODE" IS NOT NULL),
	CONSTRAINT SYS_C0012692 CHECK ("DESCRIPTION" IS NOT NULL),
	CONSTRAINT SYS_C0012693 CHECK ("EFFECTIVE_DATE" IS NOT NULL),
	CONSTRAINT SYS_C0012694 CHECK ("EXPIRY_DATE" IS NOT NULL),
	CONSTRAINT SYS_C0012695 CHECK ("UPDATE_TIMESTAMP" IS NOT NULL)
);
--CREATE UNIQUE INDEX CSTC_PK2 ON THE.CLIENT_STATUS_CODE (CLIENT_STATUS_CODE);

INSERT INTO THE.CLIENT_STATUS_CODE (CLIENT_STATUS_CODE,DESCRIPTION,EFFECTIVE_DATE,EXPIRY_DATE,UPDATE_TIMESTAMP) VALUES
('DAC','Deactivated',TIMESTAMP'1905-01-01 00:00:00.0',TIMESTAMP'9999-12-31 00:00:00.0',TIMESTAMP'2007-03-14 14:42:21.0');
INSERT INTO THE.CLIENT_STATUS_CODE (CLIENT_STATUS_CODE,DESCRIPTION,EFFECTIVE_DATE,EXPIRY_DATE,UPDATE_TIMESTAMP) VALUES
('ACT','Active',TIMESTAMP'1905-01-01 00:00:00.0',TIMESTAMP'9999-12-31 00:00:00.0',TIMESTAMP'2007-03-14 14:42:21.0');
INSERT INTO THE.CLIENT_STATUS_CODE (CLIENT_STATUS_CODE,DESCRIPTION,EFFECTIVE_DATE,EXPIRY_DATE,UPDATE_TIMESTAMP) VALUES
('DEC','Deceased',TIMESTAMP'1905-01-01 00:00:00.0',TIMESTAMP'9999-12-31 00:00:00.0',TIMESTAMP'2007-03-14 14:42:21.0');
INSERT INTO THE.CLIENT_STATUS_CODE (CLIENT_STATUS_CODE,DESCRIPTION,EFFECTIVE_DATE,EXPIRY_DATE,UPDATE_TIMESTAMP) VALUES
('REC','Receivership',TIMESTAMP'1905-01-01 00:00:00.0',TIMESTAMP'9999-12-31 00:00:00.0',TIMESTAMP'2007-03-14 14:42:21.0');
INSERT INTO THE.CLIENT_STATUS_CODE (CLIENT_STATUS_CODE,DESCRIPTION,EFFECTIVE_DATE,EXPIRY_DATE,UPDATE_TIMESTAMP) VALUES
('SPN','Suspended',TIMESTAMP'1905-01-01 00:00:00.0',TIMESTAMP'9999-12-31 00:00:00.0',TIMESTAMP'2007-03-14 14:42:21.0');

CREATE TABLE "THE"."BUSINESS_CONTACT_CODE" (
	BUSINESS_CONTACT_CODE VARCHAR2(3) NOT NULL,
	DESCRIPTION VARCHAR2(120) NOT NULL,
	EFFECTIVE_DATE DATE NOT NULL,
	EXPIRY_DATE DATE NOT NULL,
	UPDATE_TIMESTAMP DATE NOT NULL,
	CONSTRAINT BCC_PK PRIMARY KEY (BUSINESS_CONTACT_CODE),
	CONSTRAINT SYS_C0012316 CHECK ("BUSINESS_CONTACT_CODE" IS NOT NULL),
	CONSTRAINT SYS_C0012317 CHECK ("DESCRIPTION" IS NOT NULL),
	CONSTRAINT SYS_C0012318 CHECK ("EFFECTIVE_DATE" IS NOT NULL),
	CONSTRAINT SYS_C0012319 CHECK ("EXPIRY_DATE" IS NOT NULL),
	CONSTRAINT SYS_C0012320 CHECK ("UPDATE_TIMESTAMP" IS NOT NULL)
);

INSERT INTO "THE"."BUSINESS_CONTACT_CODE"
(BUSINESS_CONTACT_CODE, DESCRIPTION, EFFECTIVE_DATE, EXPIRY_DATE, UPDATE_TIMESTAMP)
VALUES('AP', 'Accounts Payable', TIMESTAMP '1905-01-01 00:00:00.000000', TIMESTAMP '9999-12-31 00:00:00.000000', TIMESTAMP '2016-03-11 09:35:17.000000');
INSERT INTO "THE"."BUSINESS_CONTACT_CODE"
(BUSINESS_CONTACT_CODE, DESCRIPTION, EFFECTIVE_DATE, EXPIRY_DATE, UPDATE_TIMESTAMP)
VALUES('AR', 'Accounts Receivable', TIMESTAMP '1905-01-01 00:00:00.000000', TIMESTAMP '9999-12-31 00:00:00.000000', TIMESTAMP '2016-03-11 09:35:17.000000');
INSERT INTO "THE"."BUSINESS_CONTACT_CODE"
(BUSINESS_CONTACT_CODE, DESCRIPTION, EFFECTIVE_DATE, EXPIRY_DATE, UPDATE_TIMESTAMP)
VALUES('BA', 'First Nations Administrator', TIMESTAMP '2007-10-11 00:00:00.000000', TIMESTAMP '9999-12-31 00:00:00.000000', TIMESTAMP '2016-03-11 09:35:17.000000');
INSERT INTO "THE"."BUSINESS_CONTACT_CODE"
(BUSINESS_CONTACT_CODE, DESCRIPTION, EFFECTIVE_DATE, EXPIRY_DATE, UPDATE_TIMESTAMP)
VALUES('BC', 'First Nations Council Member', TIMESTAMP '2007-10-11 00:00:00.000000', TIMESTAMP '9999-12-31 00:00:00.000000', TIMESTAMP '2016-03-11 09:35:17.000000');
INSERT INTO "THE"."BUSINESS_CONTACT_CODE"
(BUSINESS_CONTACT_CODE, DESCRIPTION, EFFECTIVE_DATE, EXPIRY_DATE, UPDATE_TIMESTAMP)
VALUES('BL', 'Billing', TIMESTAMP '1905-01-01 00:00:00.000000', TIMESTAMP '9999-12-31 00:00:00.000000', TIMESTAMP '2016-03-11 09:35:17.000000');
INSERT INTO "THE"."BUSINESS_CONTACT_CODE"
(BUSINESS_CONTACT_CODE, DESCRIPTION, EFFECTIVE_DATE, EXPIRY_DATE, UPDATE_TIMESTAMP)
VALUES('BM', 'First Nations Manager', TIMESTAMP '2007-10-11 00:00:00.000000', TIMESTAMP '9999-12-31 00:00:00.000000', TIMESTAMP '2016-03-11 09:35:17.000000');
INSERT INTO "THE"."BUSINESS_CONTACT_CODE"
(BUSINESS_CONTACT_CODE, DESCRIPTION, EFFECTIVE_DATE, EXPIRY_DATE, UPDATE_TIMESTAMP)
VALUES('BN', 'First Nations Treaty Negotiator', TIMESTAMP '2007-10-11 00:00:00.000000', TIMESTAMP '9999-12-31 00:00:00.000000', TIMESTAMP '2016-03-11 09:35:17.000000');
INSERT INTO "THE"."BUSINESS_CONTACT_CODE"
(BUSINESS_CONTACT_CODE, DESCRIPTION, EFFECTIVE_DATE, EXPIRY_DATE, UPDATE_TIMESTAMP)
VALUES('CH', 'Chief', TIMESTAMP '2007-10-11 00:00:00.000000', TIMESTAMP '9999-12-31 00:00:00.000000', TIMESTAMP '2016-03-11 09:35:17.000000');
INSERT INTO "THE"."BUSINESS_CONTACT_CODE"
(BUSINESS_CONTACT_CODE, DESCRIPTION, EFFECTIVE_DATE, EXPIRY_DATE, UPDATE_TIMESTAMP)
VALUES('CL', 'Collections', TIMESTAMP '1905-01-01 00:00:00.000000', TIMESTAMP '9999-12-31 00:00:00.000000', TIMESTAMP '2016-03-11 09:35:17.000000');
INSERT INTO "THE"."BUSINESS_CONTACT_CODE"
(BUSINESS_CONTACT_CODE, DESCRIPTION, EFFECTIVE_DATE, EXPIRY_DATE, UPDATE_TIMESTAMP)
VALUES('DI', 'Director', TIMESTAMP '2005-02-17 00:00:00.000000', TIMESTAMP '9999-12-31 00:00:00.000000', TIMESTAMP '2016-03-11 09:35:17.000000');
INSERT INTO "THE"."BUSINESS_CONTACT_CODE"
(BUSINESS_CONTACT_CODE, DESCRIPTION, EFFECTIVE_DATE, EXPIRY_DATE, UPDATE_TIMESTAMP)
VALUES('EX', 'Export', TIMESTAMP '1905-01-01 00:00:00.000000', TIMESTAMP '9999-12-31 00:00:00.000000', TIMESTAMP '2016-03-11 09:35:17.000000');
INSERT INTO "THE"."BUSINESS_CONTACT_CODE"
(BUSINESS_CONTACT_CODE, DESCRIPTION, EFFECTIVE_DATE, EXPIRY_DATE, UPDATE_TIMESTAMP)
VALUES('GP', 'General Partner', TIMESTAMP '2006-11-21 00:00:00.000000', TIMESTAMP '9999-12-31 00:00:00.000000', TIMESTAMP '2016-03-11 09:35:17.000000');
INSERT INTO "THE"."BUSINESS_CONTACT_CODE"
(BUSINESS_CONTACT_CODE, DESCRIPTION, EFFECTIVE_DATE, EXPIRY_DATE, UPDATE_TIMESTAMP)
VALUES('IL', 'Interior Log Cost Reporting', TIMESTAMP '2015-04-01 00:00:00.000000', TIMESTAMP '9999-12-31 00:00:00.000000', TIMESTAMP '2016-03-11 09:35:17.000000');
INSERT INTO "THE"."BUSINESS_CONTACT_CODE"
(BUSINESS_CONTACT_CODE, DESCRIPTION, EFFECTIVE_DATE, EXPIRY_DATE, UPDATE_TIMESTAMP)
VALUES('LB', 'Log Broker', TIMESTAMP '1905-01-01 00:00:00.000000', TIMESTAMP '9999-12-31 00:00:00.000000', TIMESTAMP '2016-03-11 09:35:17.000000');
INSERT INTO "THE"."BUSINESS_CONTACT_CODE"
(BUSINESS_CONTACT_CODE, DESCRIPTION, EFFECTIVE_DATE, EXPIRY_DATE, UPDATE_TIMESTAMP)
VALUES('LP', 'Limited Partner', TIMESTAMP '2006-11-21 00:00:00.000000', TIMESTAMP '9999-12-31 00:00:00.000000', TIMESTAMP '2016-03-11 09:35:17.000000');
INSERT INTO "THE"."BUSINESS_CONTACT_CODE"
(BUSINESS_CONTACT_CODE, DESCRIPTION, EFFECTIVE_DATE, EXPIRY_DATE, UPDATE_TIMESTAMP)
VALUES('RC', 'Recreation Agreement Holder', TIMESTAMP '2005-03-21 00:00:00.000000', TIMESTAMP '9999-12-31 00:00:00.000000', TIMESTAMP '2016-03-11 09:35:17.000000');
INSERT INTO "THE"."BUSINESS_CONTACT_CODE"
(BUSINESS_CONTACT_CODE, DESCRIPTION, EFFECTIVE_DATE, EXPIRY_DATE, UPDATE_TIMESTAMP)
VALUES('SI', 'Scale Site Contact', TIMESTAMP '2007-08-02 00:00:00.000000', TIMESTAMP '9999-12-31 00:00:00.000000', TIMESTAMP '2016-03-11 09:35:17.000000');
INSERT INTO "THE"."BUSINESS_CONTACT_CODE"
(BUSINESS_CONTACT_CODE, DESCRIPTION, EFFECTIVE_DATE, EXPIRY_DATE, UPDATE_TIMESTAMP)
VALUES('SP', 'SPAR System Contact', TIMESTAMP '1905-01-01 00:00:00.000000', TIMESTAMP '9999-12-31 00:00:00.000000', TIMESTAMP '2016-03-11 09:35:17.000000');
INSERT INTO "THE"."BUSINESS_CONTACT_CODE"
(BUSINESS_CONTACT_CODE, DESCRIPTION, EFFECTIVE_DATE, EXPIRY_DATE, UPDATE_TIMESTAMP)
VALUES('SR', 'Stumpage Rates', TIMESTAMP '1905-01-01 00:00:00.000000', TIMESTAMP '9999-12-31 00:00:00.000000', TIMESTAMP '2016-03-11 09:35:17.000000');
INSERT INTO "THE"."BUSINESS_CONTACT_CODE"
(BUSINESS_CONTACT_CODE, DESCRIPTION, EFFECTIVE_DATE, EXPIRY_DATE, UPDATE_TIMESTAMP)
VALUES('SS', 'Scaling Software Vendor Contact', TIMESTAMP '2001-09-12 00:00:00.000000', TIMESTAMP '9999-12-31 00:00:00.000000', TIMESTAMP '2016-03-11 09:35:17.000000');
INSERT INTO "THE"."BUSINESS_CONTACT_CODE"
(BUSINESS_CONTACT_CODE, DESCRIPTION, EFFECTIVE_DATE, EXPIRY_DATE, UPDATE_TIMESTAMP)
VALUES('TC', 'BCTS Contractor', TIMESTAMP '2003-04-16 00:00:00.000000', TIMESTAMP '9999-12-31 00:00:00.000000', TIMESTAMP '2016-03-11 09:35:17.000000');
INSERT INTO "THE"."BUSINESS_CONTACT_CODE"
(BUSINESS_CONTACT_CODE, DESCRIPTION, EFFECTIVE_DATE, EXPIRY_DATE, UPDATE_TIMESTAMP)
VALUES('TN', 'Tenure Administration', TIMESTAMP '1905-01-01 00:00:00.000000', TIMESTAMP '9999-12-31 00:00:00.000000', TIMESTAMP '2016-03-11 09:35:17.000000');
INSERT INTO "THE"."BUSINESS_CONTACT_CODE"
(BUSINESS_CONTACT_CODE, DESCRIPTION, EFFECTIVE_DATE, EXPIRY_DATE, UPDATE_TIMESTAMP)
VALUES('TP', 'EDI Trading Partner', TIMESTAMP '2000-07-25 00:00:00.000000', TIMESTAMP '9999-12-31 00:00:00.000000', TIMESTAMP '2016-03-11 09:35:17.000000');

CREATE TABLE THE.REGISTRY_COMPANY_TYPE_CODE (
	REGISTRY_COMPANY_TYPE_CODE VARCHAR2(4) NOT NULL,
	DESCRIPTION VARCHAR2(120) NOT NULL,
	EFFECTIVE_DATE DATE NOT NULL,
	EXPIRY_DATE DATE NOT NULL,
	UPDATE_TIMESTAMP DATE NOT NULL,
	CONSTRAINT CRCTC_PK PRIMARY KEY (REGISTRY_COMPANY_TYPE_CODE),
	CONSTRAINT SYS_C0012219 CHECK ("REGISTRY_COMPANY_TYPE_CODE" IS NOT NULL),
	CONSTRAINT SYS_C0012220 CHECK ("DESCRIPTION" IS NOT NULL),
	CONSTRAINT SYS_C0012221 CHECK ("EFFECTIVE_DATE" IS NOT NULL),
	CONSTRAINT SYS_C0012222 CHECK ("EXPIRY_DATE" IS NOT NULL),
	CONSTRAINT SYS_C0012223 CHECK ("UPDATE_TIMESTAMP" IS NOT NULL)
);

INSERT INTO THE.REGISTRY_COMPANY_TYPE_CODE
(REGISTRY_COMPANY_TYPE_CODE, DESCRIPTION, EFFECTIVE_DATE, EXPIRY_DATE, UPDATE_TIMESTAMP)
VALUES('A', 'Extraprovincial Company', TIMESTAMP '2007-01-01 00:00:00.000000', TIMESTAMP '9999-12-31 00:00:00.000000', TIMESTAMP '2008-02-28 09:50:45.000000');
INSERT INTO THE.REGISTRY_COMPANY_TYPE_CODE
(REGISTRY_COMPANY_TYPE_CODE, DESCRIPTION, EFFECTIVE_DATE, EXPIRY_DATE, UPDATE_TIMESTAMP)
VALUES('B', 'Extraprovincial Company', TIMESTAMP '2007-01-01 00:00:00.000000', TIMESTAMP '9999-12-31 00:00:00.000000', TIMESTAMP '2008-02-28 09:50:45.000000');
INSERT INTO THE.REGISTRY_COMPANY_TYPE_CODE
(REGISTRY_COMPANY_TYPE_CODE, DESCRIPTION, EFFECTIVE_DATE, EXPIRY_DATE, UPDATE_TIMESTAMP)
VALUES('BC', 'British Columbia Company', TIMESTAMP '2007-01-01 00:00:00.000000', TIMESTAMP '9999-12-31 00:00:00.000000', TIMESTAMP '2008-02-28 09:50:45.000000');
INSERT INTO THE.REGISTRY_COMPANY_TYPE_CODE
(REGISTRY_COMPANY_TYPE_CODE, DESCRIPTION, EFFECTIVE_DATE, EXPIRY_DATE, UPDATE_TIMESTAMP)
VALUES('C', 'Continuation In', TIMESTAMP '2007-08-01 00:00:00.000000', TIMESTAMP '9999-12-31 00:00:00.000000', TIMESTAMP '2008-02-28 09:50:45.000000');
INSERT INTO THE.REGISTRY_COMPANY_TYPE_CODE
(REGISTRY_COMPANY_TYPE_CODE, DESCRIPTION, EFFECTIVE_DATE, EXPIRY_DATE, UPDATE_TIMESTAMP)
VALUES('CP', 'Cooperative Association', TIMESTAMP '2007-01-01 00:00:00.000000', TIMESTAMP '9999-12-31 00:00:00.000000', TIMESTAMP '2008-02-28 09:50:45.000000');
INSERT INTO THE.REGISTRY_COMPANY_TYPE_CODE
(REGISTRY_COMPANY_TYPE_CODE, DESCRIPTION, EFFECTIVE_DATE, EXPIRY_DATE, UPDATE_TIMESTAMP)
VALUES('DINA', 'Federal First Nations ID', TIMESTAMP '2007-10-11 00:00:00.000000', TIMESTAMP '9999-12-31 00:00:00.000000', TIMESTAMP '2008-02-28 09:50:45.000000');
INSERT INTO THE.REGISTRY_COMPANY_TYPE_CODE
(REGISTRY_COMPANY_TYPE_CODE, DESCRIPTION, EFFECTIVE_DATE, EXPIRY_DATE, UPDATE_TIMESTAMP)
VALUES('EPR', 'Extraprovincial Company', TIMESTAMP '2007-01-01 00:00:00.000000', TIMESTAMP '9999-12-31 00:00:00.000000', TIMESTAMP '2008-02-28 09:50:45.000000');
INSERT INTO THE.REGISTRY_COMPANY_TYPE_CODE
(REGISTRY_COMPANY_TYPE_CODE, DESCRIPTION, EFFECTIVE_DATE, EXPIRY_DATE, UPDATE_TIMESTAMP)
VALUES('FOR', 'Extraprovincial Company', TIMESTAMP '2007-01-01 00:00:00.000000', TIMESTAMP '9999-12-31 00:00:00.000000', TIMESTAMP '2008-02-28 09:50:45.000000');
INSERT INTO THE.REGISTRY_COMPANY_TYPE_CODE
(REGISTRY_COMPANY_TYPE_CODE, DESCRIPTION, EFFECTIVE_DATE, EXPIRY_DATE, UPDATE_TIMESTAMP)
VALUES('LIC', 'Extraprovincial Company', TIMESTAMP '2007-01-01 00:00:00.000000', TIMESTAMP '9999-12-31 00:00:00.000000', TIMESTAMP '2008-02-28 09:50:45.000000');
INSERT INTO THE.REGISTRY_COMPANY_TYPE_CODE
(REGISTRY_COMPANY_TYPE_CODE, DESCRIPTION, EFFECTIVE_DATE, EXPIRY_DATE, UPDATE_TIMESTAMP)
VALUES('NON', 'Non Registered Company', TIMESTAMP '2007-01-01 00:00:00.000000', TIMESTAMP '9999-12-31 00:00:00.000000', TIMESTAMP '2008-02-28 09:50:45.000000');
INSERT INTO THE.REGISTRY_COMPANY_TYPE_CODE
(REGISTRY_COMPANY_TYPE_CODE, DESCRIPTION, EFFECTIVE_DATE, EXPIRY_DATE, UPDATE_TIMESTAMP)
VALUES('REG', 'Extraprovincial Company', TIMESTAMP '2007-01-01 00:00:00.000000', TIMESTAMP '9999-12-31 00:00:00.000000', TIMESTAMP '2008-02-28 09:50:45.000000');
INSERT INTO THE.REGISTRY_COMPANY_TYPE_CODE
(REGISTRY_COMPANY_TYPE_CODE, DESCRIPTION, EFFECTIVE_DATE, EXPIRY_DATE, UPDATE_TIMESTAMP)
VALUES('S', 'British Columbia Society', TIMESTAMP '2007-01-01 00:00:00.000000', TIMESTAMP '9999-12-31 00:00:00.000000', TIMESTAMP '2008-02-28 09:50:45.000000');
INSERT INTO THE.REGISTRY_COMPANY_TYPE_CODE
(REGISTRY_COMPANY_TYPE_CODE, DESCRIPTION, EFFECTIVE_DATE, EXPIRY_DATE, UPDATE_TIMESTAMP)
VALUES('XCP', 'Extraprovincial Cooperative Association', TIMESTAMP '2007-01-01 00:00:00.000000', TIMESTAMP '9999-12-31 00:00:00.000000', TIMESTAMP '2008-02-28 09:50:45.000000');
INSERT INTO THE.REGISTRY_COMPANY_TYPE_CODE
(REGISTRY_COMPANY_TYPE_CODE, DESCRIPTION, EFFECTIVE_DATE, EXPIRY_DATE, UPDATE_TIMESTAMP)
VALUES('XS', 'Extraprovincial Society', TIMESTAMP '2007-01-01 00:00:00.000000', TIMESTAMP '9999-12-31 00:00:00.000000', TIMESTAMP '2008-02-28 09:50:45.000000');
INSERT INTO THE.REGISTRY_COMPANY_TYPE_CODE
(REGISTRY_COMPANY_TYPE_CODE, DESCRIPTION, EFFECTIVE_DATE, EXPIRY_DATE, UPDATE_TIMESTAMP)
VALUES('FM', 'Sole Proprietorship', TIMESTAMP'2023-10-10 00:00:00.000000', TIMESTAMP'9999-12-31 00:00:00.000000', TIMESTAMP'2023-10-10 00:00:00.000000');

CREATE TABLE THE.CLIENT_TYPE_CODE (
	CLIENT_TYPE_CODE VARCHAR2(1) NOT NULL,
	DESCRIPTION VARCHAR2(120) NOT NULL,
	EFFECTIVE_DATE DATE NOT NULL,
	EXPIRY_DATE DATE NOT NULL,
	UPDATE_TIMESTAMP DATE NOT NULL,
	CONSTRAINT CTCD_PK PRIMARY KEY (CLIENT_TYPE_CODE),
	CONSTRAINT SYS_C0012021 CHECK ("CLIENT_TYPE_CODE" IS NOT NULL),
	CONSTRAINT SYS_C0012022 CHECK ("DESCRIPTION" IS NOT NULL),
	CONSTRAINT SYS_C0012023 CHECK ("EFFECTIVE_DATE" IS NOT NULL),
	CONSTRAINT SYS_C0012024 CHECK ("EXPIRY_DATE" IS NOT NULL),
	CONSTRAINT SYS_C0012025 CHECK ("UPDATE_TIMESTAMP" IS NOT NULL)
);

INSERT INTO THE.CLIENT_TYPE_CODE
(CLIENT_TYPE_CODE, DESCRIPTION, EFFECTIVE_DATE, EXPIRY_DATE, UPDATE_TIMESTAMP)
VALUES('A', 'Association', TIMESTAMP '1905-01-01 00:00:00.000000', TIMESTAMP '9999-12-31 00:00:00.000000', TIMESTAMP '2009-03-17 16:17:35.000000');
INSERT INTO THE.CLIENT_TYPE_CODE
(CLIENT_TYPE_CODE, DESCRIPTION, EFFECTIVE_DATE, EXPIRY_DATE, UPDATE_TIMESTAMP)
VALUES('B', 'First Nation Band', TIMESTAMP '1905-01-01 00:00:00.000000', TIMESTAMP '9999-12-31 00:00:00.000000', TIMESTAMP '2009-03-17 16:17:35.000000');
INSERT INTO THE.CLIENT_TYPE_CODE
(CLIENT_TYPE_CODE, DESCRIPTION, EFFECTIVE_DATE, EXPIRY_DATE, UPDATE_TIMESTAMP)
VALUES('C', 'Corporation', TIMESTAMP '1905-01-01 00:00:00.000000', TIMESTAMP '9999-12-31 00:00:00.000000', TIMESTAMP '2009-03-17 16:17:35.000000');
INSERT INTO THE.CLIENT_TYPE_CODE
(CLIENT_TYPE_CODE, DESCRIPTION, EFFECTIVE_DATE, EXPIRY_DATE, UPDATE_TIMESTAMP)
VALUES('F', 'Ministry of Forests and Range', TIMESTAMP '1905-01-01 00:00:00.000000', TIMESTAMP '9999-12-31 00:00:00.000000', TIMESTAMP '2009-03-17 16:17:35.000000');
INSERT INTO THE.CLIENT_TYPE_CODE
(CLIENT_TYPE_CODE, DESCRIPTION, EFFECTIVE_DATE, EXPIRY_DATE, UPDATE_TIMESTAMP)
VALUES('G', 'Government', TIMESTAMP '1905-01-01 00:00:00.000000', TIMESTAMP '9999-12-31 00:00:00.000000', TIMESTAMP '2009-03-17 16:17:35.000000');
INSERT INTO THE.CLIENT_TYPE_CODE
(CLIENT_TYPE_CODE, DESCRIPTION, EFFECTIVE_DATE, EXPIRY_DATE, UPDATE_TIMESTAMP)
VALUES('I', 'Individual', TIMESTAMP '1905-01-01 00:00:00.000000', TIMESTAMP '9999-12-31 00:00:00.000000', TIMESTAMP '2009-03-17 16:17:35.000000');
INSERT INTO THE.CLIENT_TYPE_CODE
(CLIENT_TYPE_CODE, DESCRIPTION, EFFECTIVE_DATE, EXPIRY_DATE, UPDATE_TIMESTAMP)
VALUES('L', 'Limited Partnership', TIMESTAMP '2006-11-21 00:00:00.000000', TIMESTAMP '9999-12-31 00:00:00.000000', TIMESTAMP '2009-03-17 16:17:35.000000');
INSERT INTO THE.CLIENT_TYPE_CODE
(CLIENT_TYPE_CODE, DESCRIPTION, EFFECTIVE_DATE, EXPIRY_DATE, UPDATE_TIMESTAMP)
VALUES('P', 'General Partnership', TIMESTAMP '2009-03-11 00:00:00.000000', TIMESTAMP '9999-12-31 00:00:00.000000', TIMESTAMP '2009-03-17 16:17:35.000000');
INSERT INTO THE.CLIENT_TYPE_CODE
(CLIENT_TYPE_CODE, DESCRIPTION, EFFECTIVE_DATE, EXPIRY_DATE, UPDATE_TIMESTAMP)
VALUES('R', 'First Nation Group', TIMESTAMP '2007-10-11 00:00:00.000000', TIMESTAMP '9999-12-31 00:00:00.000000', TIMESTAMP '2009-03-17 16:17:35.000000');
INSERT INTO THE.CLIENT_TYPE_CODE
(CLIENT_TYPE_CODE, DESCRIPTION, EFFECTIVE_DATE, EXPIRY_DATE, UPDATE_TIMESTAMP)
VALUES('S', 'Society', TIMESTAMP '1905-01-01 00:00:00.000000', TIMESTAMP '9999-12-31 00:00:00.000000', TIMESTAMP '2009-03-17 16:17:35.000000');
INSERT INTO THE.CLIENT_TYPE_CODE
(CLIENT_TYPE_CODE, DESCRIPTION, EFFECTIVE_DATE, EXPIRY_DATE, UPDATE_TIMESTAMP)
VALUES('T', 'First Nation Tribal Council', TIMESTAMP '2007-10-11 00:00:00.000000', TIMESTAMP '9999-12-31 00:00:00.000000', TIMESTAMP '2009-03-17 16:17:35.000000');
INSERT INTO THE.CLIENT_TYPE_CODE
(CLIENT_TYPE_CODE, DESCRIPTION, EFFECTIVE_DATE, EXPIRY_DATE, UPDATE_TIMESTAMP)
VALUES('U', 'Unregistered Company', TIMESTAMP '1905-01-01 00:00:00.000000', TIMESTAMP '9999-12-31 00:00:00.000000', TIMESTAMP '2009-03-17 16:17:35.000000');

CREATE TABLE THE.CLIENT_TYPE_COMPANY_XREF (
	CLIENT_TYPE_CODE VARCHAR2(1) NOT NULL,
	REGISTRY_COMPANY_TYPE_CODE VARCHAR2(4) NOT NULL,
	ADD_USERID VARCHAR2(30) NOT NULL,
	ADD_TIMESTAMP DATE NOT NULL,
	UPDATE_USERID VARCHAR2(30) NOT NULL,
	UPDATE_TIMESTAMP DATE NOT NULL,
	CONSTRAINT CTCX_PK PRIMARY KEY (CLIENT_TYPE_CODE,REGISTRY_COMPANY_TYPE_CODE),
	CONSTRAINT SYS_C0011915 CHECK ("CLIENT_TYPE_CODE" IS NOT NULL),
	CONSTRAINT SYS_C0011916 CHECK ("REGISTRY_COMPANY_TYPE_CODE" IS NOT NULL),
	CONSTRAINT SYS_C0011917 CHECK ("ADD_USERID" IS NOT NULL),
	CONSTRAINT SYS_C0011918 CHECK ("ADD_TIMESTAMP" IS NOT NULL),
	CONSTRAINT SYS_C0011919 CHECK ("UPDATE_USERID" IS NOT NULL),
	CONSTRAINT SYS_C0011920 CHECK ("UPDATE_TIMESTAMP" IS NOT NULL)
);
CREATE INDEX CTCX_CRCTC_FK_I ON THE.CLIENT_TYPE_COMPANY_XREF (REGISTRY_COMPANY_TYPE_CODE);
CREATE INDEX CTCX_CTC_FK_I ON THE.CLIENT_TYPE_COMPANY_XREF (CLIENT_TYPE_CODE);

ALTER TABLE THE.CLIENT_TYPE_COMPANY_XREF ADD CONSTRAINT CTCX_CRCTC_FK FOREIGN KEY (REGISTRY_COMPANY_TYPE_CODE) REFERENCES THE.REGISTRY_COMPANY_TYPE_CODE(REGISTRY_COMPANY_TYPE_CODE);
ALTER TABLE THE.CLIENT_TYPE_COMPANY_XREF ADD CONSTRAINT CTCX_CTC_FK FOREIGN KEY (CLIENT_TYPE_CODE) REFERENCES THE.CLIENT_TYPE_CODE(CLIENT_TYPE_CODE);


INSERT INTO THE.CLIENT_TYPE_COMPANY_XREF
(CLIENT_TYPE_CODE, REGISTRY_COMPANY_TYPE_CODE, ADD_USERID, ADD_TIMESTAMP, UPDATE_USERID, UPDATE_TIMESTAMP)
VALUES('A', 'CP', 'CLIADMIN', TIMESTAMP '2007-01-01 00:00:00.000000', 'CLIADMIN', TIMESTAMP '2007-01-01 00:00:00.000000');
INSERT INTO THE.CLIENT_TYPE_COMPANY_XREF
(CLIENT_TYPE_CODE, REGISTRY_COMPANY_TYPE_CODE, ADD_USERID, ADD_TIMESTAMP, UPDATE_USERID, UPDATE_TIMESTAMP)
VALUES('A', 'XCP', 'CLIADMIN', TIMESTAMP '2007-01-01 00:00:00.000000', 'CLIADMIN', TIMESTAMP '2007-01-01 00:00:00.000000');
INSERT INTO THE.CLIENT_TYPE_COMPANY_XREF
(CLIENT_TYPE_CODE, REGISTRY_COMPANY_TYPE_CODE, ADD_USERID, ADD_TIMESTAMP, UPDATE_USERID, UPDATE_TIMESTAMP)
VALUES('C', 'A', 'CLIADMIN', TIMESTAMP '2007-01-01 00:00:00.000000', 'CLIADMIN', TIMESTAMP '2007-01-01 00:00:00.000000');
INSERT INTO THE.CLIENT_TYPE_COMPANY_XREF
(CLIENT_TYPE_CODE, REGISTRY_COMPANY_TYPE_CODE, ADD_USERID, ADD_TIMESTAMP, UPDATE_USERID, UPDATE_TIMESTAMP)
VALUES('C', 'B', 'CLIADMIN', TIMESTAMP '2007-01-01 00:00:00.000000', 'CLIADMIN', TIMESTAMP '2007-01-01 00:00:00.000000');
INSERT INTO THE.CLIENT_TYPE_COMPANY_XREF
(CLIENT_TYPE_CODE, REGISTRY_COMPANY_TYPE_CODE, ADD_USERID, ADD_TIMESTAMP, UPDATE_USERID, UPDATE_TIMESTAMP)
VALUES('C', 'BC', 'CLIADMIN', TIMESTAMP '2007-01-01 00:00:00.000000', 'CLIADMIN', TIMESTAMP '2007-01-01 00:00:00.000000');
INSERT INTO THE.CLIENT_TYPE_COMPANY_XREF
(CLIENT_TYPE_CODE, REGISTRY_COMPANY_TYPE_CODE, ADD_USERID, ADD_TIMESTAMP, UPDATE_USERID, UPDATE_TIMESTAMP)
VALUES('C', 'EPR', 'CLIADMIN', TIMESTAMP '2007-01-01 00:00:00.000000', 'CLIADMIN', TIMESTAMP '2007-01-01 00:00:00.000000');
INSERT INTO THE.CLIENT_TYPE_COMPANY_XREF
(CLIENT_TYPE_CODE, REGISTRY_COMPANY_TYPE_CODE, ADD_USERID, ADD_TIMESTAMP, UPDATE_USERID, UPDATE_TIMESTAMP)
VALUES('C', 'FOR', 'CLIADMIN', TIMESTAMP '2007-01-01 00:00:00.000000', 'CLIADMIN', TIMESTAMP '2007-01-01 00:00:00.000000');
INSERT INTO THE.CLIENT_TYPE_COMPANY_XREF
(CLIENT_TYPE_CODE, REGISTRY_COMPANY_TYPE_CODE, ADD_USERID, ADD_TIMESTAMP, UPDATE_USERID, UPDATE_TIMESTAMP)
VALUES('C', 'LIC', 'CLIADMIN', TIMESTAMP '2007-01-01 00:00:00.000000', 'CLIADMIN', TIMESTAMP '2007-01-01 00:00:00.000000');
INSERT INTO THE.CLIENT_TYPE_COMPANY_XREF
(CLIENT_TYPE_CODE, REGISTRY_COMPANY_TYPE_CODE, ADD_USERID, ADD_TIMESTAMP, UPDATE_USERID, UPDATE_TIMESTAMP)
VALUES('C', 'REG', 'CLIADMIN', TIMESTAMP '2007-01-01 00:00:00.000000', 'CLIADMIN', TIMESTAMP '2007-01-01 00:00:00.000000');
INSERT INTO THE.CLIENT_TYPE_COMPANY_XREF
(CLIENT_TYPE_CODE, REGISTRY_COMPANY_TYPE_CODE, ADD_USERID, ADD_TIMESTAMP, UPDATE_USERID, UPDATE_TIMESTAMP)
VALUES('S', 'S', 'CLIADMIN', TIMESTAMP '2007-01-01 00:00:00.000000', 'CLIADMIN', TIMESTAMP '2007-01-01 00:00:00.000000');
INSERT INTO THE.CLIENT_TYPE_COMPANY_XREF
(CLIENT_TYPE_CODE, REGISTRY_COMPANY_TYPE_CODE, ADD_USERID, ADD_TIMESTAMP, UPDATE_USERID, UPDATE_TIMESTAMP)
VALUES('S', 'XS', 'CLIADMIN', TIMESTAMP '2007-01-01 00:00:00.000000', 'CLIADMIN', TIMESTAMP '2007-01-01 00:00:00.000000');
INSERT INTO THE.CLIENT_TYPE_COMPANY_XREF
(CLIENT_TYPE_CODE, REGISTRY_COMPANY_TYPE_CODE, ADD_USERID, ADD_TIMESTAMP, UPDATE_USERID, UPDATE_TIMESTAMP)
VALUES('U', 'NON', 'CLIADMIN', TIMESTAMP '2007-01-01 00:00:00.000000', 'CLIADMIN', TIMESTAMP '2007-01-01 00:00:00.000000');
INSERT INTO THE.CLIENT_TYPE_COMPANY_XREF
(CLIENT_TYPE_CODE, REGISTRY_COMPANY_TYPE_CODE, ADD_USERID, ADD_TIMESTAMP, UPDATE_USERID, UPDATE_TIMESTAMP)
VALUES('C', 'C', 'CLIADMIN', TIMESTAMP '2007-08-14 10:29:27.000000', 'CLIADMIN', TIMESTAMP '2007-08-14 10:29:27.000000');
INSERT INTO THE.CLIENT_TYPE_COMPANY_XREF
(CLIENT_TYPE_CODE, REGISTRY_COMPANY_TYPE_CODE, ADD_USERID, ADD_TIMESTAMP, UPDATE_USERID, UPDATE_TIMESTAMP)
VALUES('B', 'DINA', 'CLIADMIN', TIMESTAMP '2007-10-16 12:50:08.000000', 'CLIADMIN', TIMESTAMP '2007-10-16 12:50:08.000000');
INSERT INTO THE.CLIENT_TYPE_COMPANY_XREF
(CLIENT_TYPE_CODE, REGISTRY_COMPANY_TYPE_CODE, ADD_USERID, ADD_TIMESTAMP, UPDATE_USERID, UPDATE_TIMESTAMP)
VALUES('T', 'DINA', 'CLIADMIN', TIMESTAMP '2007-10-16 12:50:12.000000', 'CLIADMIN', TIMESTAMP '2007-10-16 12:50:12.000000');
INSERT INTO THE.CLIENT_TYPE_COMPANY_XREF
(CLIENT_TYPE_CODE, REGISTRY_COMPANY_TYPE_CODE, ADD_USERID, ADD_TIMESTAMP, UPDATE_USERID, UPDATE_TIMESTAMP)
VALUES('P', 'FM', 'CLIADMIN', TIMESTAMP'2023-10-10 00:00:00.000000', 'CLIADMIN', TIMESTAMP'2023-10-10 00:00:00.000000');

CREATE TABLE THE.ORG_UNIT (
	ORG_UNIT_NO NUMBER(10,0) NOT NULL,
	ORG_UNIT_CODE VARCHAR2(6) NOT NULL,
	ORG_UNIT_NAME VARCHAR2(100) NOT NULL,
	LOCATION_CODE VARCHAR2(3) NOT NULL,
	AREA_CODE VARCHAR2(3) NOT NULL,
	TELEPHONE_NO VARCHAR2(7) NOT NULL,
	ORG_LEVEL_CODE VARCHAR2(1) NOT NULL,
	OFFICE_NAME_CODE VARCHAR2(2) NOT NULL,
	ROLLUP_REGION_NO NUMBER(10,0) NOT NULL,
	ROLLUP_REGION_CODE VARCHAR2(6) NOT NULL,
	ROLLUP_DIST_NO NUMBER(10,0) NOT NULL,
	ROLLUP_DIST_CODE VARCHAR2(6) NOT NULL,
	EFFECTIVE_DATE DATE NOT NULL,
	EXPIRY_DATE DATE NOT NULL,
	UPDATE_TIMESTAMP DATE NULL,
	CONSTRAINT ORG_UNIT_PK PRIMARY KEY (ORG_UNIT_NO),
	CONSTRAINT SYS_C008931 CHECK ("ORG_UNIT_NO" IS NOT NULL),
	CONSTRAINT SYS_C008932 CHECK ("ORG_UNIT_CODE" IS NOT NULL),
	CONSTRAINT SYS_C008933 CHECK ("ORG_UNIT_NAME" IS NOT NULL),
	CONSTRAINT SYS_C008934 CHECK ("LOCATION_CODE" IS NOT NULL),
	CONSTRAINT SYS_C008935 CHECK ("AREA_CODE" IS NOT NULL),
	CONSTRAINT SYS_C008936 CHECK ("TELEPHONE_NO" IS NOT NULL),
	CONSTRAINT SYS_C008938 CHECK ("ORG_LEVEL_CODE" IS NOT NULL),
	CONSTRAINT SYS_C008939 CHECK ("OFFICE_NAME_CODE" IS NOT NULL),
	CONSTRAINT SYS_C008941 CHECK ("ROLLUP_REGION_NO" IS NOT NULL),
	CONSTRAINT SYS_C008942 CHECK ("ROLLUP_REGION_CODE" IS NOT NULL),
	CONSTRAINT SYS_C008944 CHECK ("ROLLUP_DIST_NO" IS NOT NULL),
	CONSTRAINT SYS_C008946 CHECK ("ROLLUP_DIST_CODE" IS NOT NULL),
	CONSTRAINT SYS_C008947 CHECK ("EFFECTIVE_DATE" IS NOT NULL),
	CONSTRAINT SYS_C008949 CHECK ("EXPIRY_DATE" IS NOT NULL)
);
CREATE UNIQUE INDEX "I2$_ORG_UNIT" ON THE.ORG_UNIT (ORG_UNIT_CODE,ORG_UNIT_NO);
CREATE UNIQUE INDEX "I3$_ORG_UNIT" ON THE.ORG_UNIT (ORG_UNIT_CODE);
CREATE UNIQUE INDEX "I4$_ORG_UNIT" ON THE.ORG_UNIT (ORG_UNIT_NO,ORG_UNIT_CODE,ORG_UNIT_NAME,LOCATION_CODE,TELEPHONE_NO,ORG_LEVEL_CODE,OFFICE_NAME_CODE);
CREATE INDEX "I5$_ORG_UNIT" ON THE.ORG_UNIT (ROLLUP_DIST_CODE,ROLLUP_REGION_CODE);
CREATE INDEX "I6$_ORG_UNIT" ON THE.ORG_UNIT (ROLLUP_REGION_NO,ROLLUP_DIST_NO);
CREATE INDEX "I7$_ORG_UNIT" ON THE.ORG_UNIT (ROLLUP_REGION_CODE,ROLLUP_DIST_CODE);
CREATE UNIQUE INDEX "I8$_ORG_UNIT" ON THE.ORG_UNIT (ORG_UNIT_NO,ORG_UNIT_CODE);
CREATE UNIQUE INDEX "I9$_ORG_UNIT" ON THE.ORG_UNIT (ORG_UNIT_CODE,ORG_LEVEL_CODE,ORG_UNIT_NO,ORG_UNIT_NAME);


INSERT INTO THE.ORG_UNIT
(ORG_UNIT_NO, ORG_UNIT_CODE, ORG_UNIT_NAME, LOCATION_CODE, AREA_CODE, TELEPHONE_NO, ORG_LEVEL_CODE, OFFICE_NAME_CODE, ROLLUP_REGION_NO, ROLLUP_REGION_CODE, ROLLUP_DIST_NO, ROLLUP_DIST_CODE, EFFECTIVE_DATE, EXPIRY_DATE, UPDATE_TIMESTAMP)
VALUES(70, 'HVA', 'Timber Pricing Branch', '010', '250', '3871701', 'H', 'VA', 0, ' ', 0, ' ', TIMESTAMP '1905-01-01 00:00:00.000000', TIMESTAMP '9999-12-31 00:00:00.000000', TIMESTAMP '2011-08-29 15:49:08.000000');

CREATE TABLE THE.FOREST_CLIENT (
	CLIENT_NUMBER VARCHAR2(8) NOT NULL,
	CLIENT_NAME VARCHAR2(60) NOT NULL,
	LEGAL_FIRST_NAME VARCHAR2(30) NULL,
	LEGAL_MIDDLE_NAME VARCHAR2(30) NULL,
	CLIENT_STATUS_CODE VARCHAR2(3) NOT NULL,
	CLIENT_TYPE_CODE VARCHAR2(1) NOT NULL,
	BIRTHDATE DATE NULL,
	CLIENT_ID_TYPE_CODE VARCHAR2(4) NULL,
	CLIENT_IDENTIFICATION VARCHAR2(40) NULL,
	REGISTRY_COMPANY_TYPE_CODE VARCHAR2(4) NULL,
	CORP_REGN_NMBR VARCHAR2(9) NULL,
	CLIENT_ACRONYM VARCHAR2(8) NULL,
	WCB_FIRM_NUMBER VARCHAR2(6) NULL,
	OCG_SUPPLIER_NMBR VARCHAR2(10) NULL,
	CLIENT_COMMENT VARCHAR2(4000) NULL,
	ADD_TIMESTAMP DATE NOT NULL,
	ADD_USERID VARCHAR2(30) NOT NULL,
	ADD_ORG_UNIT NUMBER(10,0) NOT NULL,
	UPDATE_TIMESTAMP DATE NOT NULL,
	UPDATE_USERID VARCHAR2(30) NOT NULL,
	UPDATE_ORG_UNIT NUMBER(10,0) NOT NULL,
	REVISION_COUNT NUMBER(5,0) NOT NULL,
	CONSTRAINT FOREST_CLIENT_PK PRIMARY KEY (CLIENT_NUMBER),
	CONSTRAINT SYS_C0029588 CHECK ("CLIENT_NUMBER" IS NOT NULL),
	CONSTRAINT SYS_C0029589 CHECK ("CLIENT_NAME" IS NOT NULL),
	CONSTRAINT SYS_C0029590 CHECK ("CLIENT_STATUS_CODE" IS NOT NULL),
	CONSTRAINT SYS_C0029591 CHECK ("CLIENT_TYPE_CODE" IS NOT NULL),
	CONSTRAINT SYS_C0029592 CHECK ("ADD_TIMESTAMP" IS NOT NULL),
	CONSTRAINT SYS_C0029593 CHECK ("ADD_USERID" IS NOT NULL),
	CONSTRAINT SYS_C0029594 CHECK ("ADD_ORG_UNIT" IS NOT NULL),
	CONSTRAINT SYS_C0029595 CHECK ("UPDATE_TIMESTAMP" IS NOT NULL),
	CONSTRAINT SYS_C0029596 CHECK ("UPDATE_USERID" IS NOT NULL),
	CONSTRAINT SYS_C0029597 CHECK ("UPDATE_ORG_UNIT" IS NOT NULL),
	CONSTRAINT SYS_C0029598 CHECK ("REVISION_COUNT" IS NOT NULL)
);
CREATE UNIQUE INDEX FC_ACRONYM_I ON THE.FOREST_CLIENT (CLIENT_ACRONYM);
CREATE INDEX FC_CITC_FK_I ON THE.FOREST_CLIENT (CLIENT_ID_TYPE_CODE);
CREATE INDEX FC_CSC_FK_I ON THE.FOREST_CLIENT (CLIENT_STATUS_CODE);
CREATE INDEX FC_CTCX_FK_I ON THE.FOREST_CLIENT (CLIENT_TYPE_CODE,REGISTRY_COMPANY_TYPE_CODE);
CREATE INDEX FC_OU_FK_I ON THE.FOREST_CLIENT (ADD_ORG_UNIT);
CREATE INDEX FC_OU_IS_UPDATED_BY_FK_I ON THE.FOREST_CLIENT (UPDATE_ORG_UNIT);
CREATE UNIQUE INDEX "I2$_FOREST_CLIENT" ON THE.FOREST_CLIENT (CLIENT_NAME,LEGAL_FIRST_NAME,LEGAL_MIDDLE_NAME,CLIENT_NUMBER);
CREATE INDEX "I4$_FOREST_CLIENT" ON THE.FOREST_CLIENT (OCG_SUPPLIER_NMBR);
CREATE INDEX "I5$_FOREST_CLIENT" ON THE.FOREST_CLIENT (CORP_REGN_NMBR);

ALTER TABLE THE.FOREST_CLIENT ADD CONSTRAINT FC_CITC_FK FOREIGN KEY (CLIENT_ID_TYPE_CODE) REFERENCES THE.CLIENT_ID_TYPE_CODE(CLIENT_ID_TYPE_CODE);
ALTER TABLE THE.FOREST_CLIENT ADD CONSTRAINT FC_CSC_FK FOREIGN KEY (CLIENT_STATUS_CODE) REFERENCES THE.CLIENT_STATUS_CODE(CLIENT_STATUS_CODE);
ALTER TABLE THE.FOREST_CLIENT ADD CONSTRAINT FC_CTCX_FK FOREIGN KEY (CLIENT_TYPE_CODE,REGISTRY_COMPANY_TYPE_CODE) REFERENCES THE.CLIENT_TYPE_COMPANY_XREF(CLIENT_TYPE_CODE,REGISTRY_COMPANY_TYPE_CODE);
ALTER TABLE THE.FOREST_CLIENT ADD CONSTRAINT FC_OU_FK FOREIGN KEY (ADD_ORG_UNIT) REFERENCES THE.ORG_UNIT(ORG_UNIT_NO);
ALTER TABLE THE.FOREST_CLIENT ADD CONSTRAINT FC_OU_IS_UPDATED_BY_FK FOREIGN KEY (UPDATE_ORG_UNIT) REFERENCES THE.ORG_UNIT(ORG_UNIT_NO);

CREATE OR REPLACE VIEW THE.V_CLIENT_PUBLIC
(CLIENT_NUMBER,CLIENT_NAME,LEGAL_FIRST_NAME,LEGAL_MIDDLE_NAME,CLIENT_STATUS_CODE,CLIENT_TYPE_CODE)
AS
SELECT client_number
       , client_name
       , legal_first_name
       , legal_middle_name
       , client_status_code
       , client_type_code
    FROM THE.forest_client;



CREATE TABLE THE.CLIENT_DOING_BUSINESS_AS (
  CLIENT_DBA_ID NUMBER(12,0) NOT NULL,
  CLIENT_NUMBER VARCHAR2(8) NOT NULL,
  DOING_BUSINESS_AS_NAME VARCHAR2(120) NOT NULL,
  UPDATE_TIMESTAMP DATE NOT NULL,
  UPDATE_USERID VARCHAR2(30) NOT NULL,
  UPDATE_ORG_UNIT NUMBER(10,0) NOT NULL,
  ADD_TIMESTAMP DATE NOT NULL,
  ADD_USERID VARCHAR2(30) NOT NULL,
  ADD_ORG_UNIT NUMBER(10,0) NOT NULL,
  REVISION_COUNT NUMBER(5,0) NOT NULL,
  CONSTRAINT CDBA_PK PRIMARY KEY (CLIENT_DBA_ID),
  CONSTRAINT SYS_C0011796 CHECK ("CLIENT_DBA_ID" IS NOT NULL),
  CONSTRAINT SYS_C0011797 CHECK ("CLIENT_NUMBER" IS NOT NULL),
  CONSTRAINT SYS_C0011798 CHECK ("DOING_BUSINESS_AS_NAME" IS NOT NULL),
  CONSTRAINT SYS_C0011799 CHECK ("UPDATE_TIMESTAMP" IS NOT NULL),
  CONSTRAINT SYS_C0011800 CHECK ("UPDATE_USERID" IS NOT NULL),
  CONSTRAINT SYS_C0011801 CHECK ("UPDATE_ORG_UNIT" IS NOT NULL),
  CONSTRAINT SYS_C0011802 CHECK ("ADD_TIMESTAMP" IS NOT NULL),
  CONSTRAINT SYS_C0011803 CHECK ("ADD_USERID" IS NOT NULL),
  CONSTRAINT SYS_C0011804 CHECK ("ADD_ORG_UNIT" IS NOT NULL),
  CONSTRAINT SYS_C0011805 CHECK ("REVISION_COUNT" IS NOT NULL)
);
CREATE INDEX CDBA_FC_FK_I ON THE.CLIENT_DOING_BUSINESS_AS (CLIENT_NUMBER);
CREATE INDEX CDBA_OU_FK_I ON THE.CLIENT_DOING_BUSINESS_AS (ADD_ORG_UNIT);
CREATE INDEX CDBA_OU_IS_UPDATED_BY_FK_I ON THE.CLIENT_DOING_BUSINESS_AS (UPDATE_ORG_UNIT);

ALTER TABLE THE.CLIENT_DOING_BUSINESS_AS ADD CONSTRAINT CDBA_FC_FK FOREIGN KEY (CLIENT_NUMBER) REFERENCES THE.FOREST_CLIENT(CLIENT_NUMBER);
ALTER TABLE THE.CLIENT_DOING_BUSINESS_AS ADD CONSTRAINT CDBA_OU_FK FOREIGN KEY (ADD_ORG_UNIT) REFERENCES THE.ORG_UNIT(ORG_UNIT_NO);
ALTER TABLE THE.CLIENT_DOING_BUSINESS_AS ADD CONSTRAINT CDBA_OU_IS_UPDATED_BY_FK FOREIGN KEY (UPDATE_ORG_UNIT) REFERENCES THE.ORG_UNIT(ORG_UNIT_NO);


CREATE TABLE THE.CLIENT_LOCATION (
	CLIENT_NUMBER VARCHAR2(8) NOT NULL,
	CLIENT_LOCN_CODE VARCHAR2(2) NOT NULL,
	CLIENT_LOCN_NAME VARCHAR2(40) NULL,
	HDBS_COMPANY_CODE VARCHAR2(5) NULL,
	ADDRESS_1 VARCHAR2(40) NOT NULL,
	ADDRESS_2 VARCHAR2(40) NULL,
	ADDRESS_3 VARCHAR2(40) NULL,
	CITY VARCHAR2(30) NOT NULL,
	PROVINCE VARCHAR2(50) NULL,
	POSTAL_CODE VARCHAR2(10) NULL,
	COUNTRY VARCHAR2(50) NOT NULL,
	BUSINESS_PHONE VARCHAR2(10) NULL,
	HOME_PHONE VARCHAR2(10) NULL,
	CELL_PHONE VARCHAR2(10) NULL,
	FAX_NUMBER VARCHAR2(10) NULL,
	EMAIL_ADDRESS VARCHAR2(128) NULL,
	LOCN_EXPIRED_IND VARCHAR2(1) NOT NULL,
	RETURNED_MAIL_DATE DATE NULL,
	TRUST_LOCATION_IND VARCHAR2(1) NOT NULL,
	CLI_LOCN_COMMENT VARCHAR2(4000) NULL,
	UPDATE_TIMESTAMP DATE NOT NULL,
	UPDATE_USERID VARCHAR2(30) NOT NULL,
	UPDATE_ORG_UNIT NUMBER(10,0) NOT NULL,
	ADD_TIMESTAMP DATE NOT NULL,
	ADD_USERID VARCHAR2(30) NOT NULL,
	ADD_ORG_UNIT NUMBER(10,0) NOT NULL,
	REVISION_COUNT NUMBER(5,0) NOT NULL,
	CONSTRAINT "BIN$A8NnKNSZAszgVAAQ4CNh2g==$0" CHECK ("UPDATE_USERID" IS NOT NULL),
	CONSTRAINT "BIN$A8NnKNSaAszgVAAQ4CNh2g==$0" CHECK ("UPDATE_ORG_UNIT" IS NOT NULL),
	CONSTRAINT "BIN$A8NnKNSbAszgVAAQ4CNh2g==$0" CHECK ("ADD_TIMESTAMP" IS NOT NULL),
	CONSTRAINT "BIN$A8NnKNScAszgVAAQ4CNh2g==$0" CHECK ("ADD_USERID" IS NOT NULL),
	CONSTRAINT "BIN$A8NnKNSdAszgVAAQ4CNh2g==$0" CHECK ("ADD_ORG_UNIT" IS NOT NULL),
	CONSTRAINT "BIN$A8NnKNSeAszgVAAQ4CNh2g==$0" CHECK ("REVISION_COUNT" IS NOT NULL),
	CONSTRAINT CLIENT_LOCATION_PK PRIMARY KEY (CLIENT_NUMBER,CLIENT_LOCN_CODE),
	CONSTRAINT SYS_C0030524 CHECK ("CLIENT_NUMBER" IS NOT NULL),
	CONSTRAINT SYS_C0030525 CHECK ("CLIENT_LOCN_CODE" IS NOT NULL),
	CONSTRAINT SYS_C0030526 CHECK ("ADDRESS_1" IS NOT NULL),
	CONSTRAINT SYS_C0030527 CHECK ("CITY" IS NOT NULL),
	CONSTRAINT SYS_C0030528 CHECK ("COUNTRY" IS NOT NULL),
	CONSTRAINT SYS_C0030529 CHECK ("LOCN_EXPIRED_IND" IS NOT NULL),
	CONSTRAINT SYS_C0030530 CHECK ("TRUST_LOCATION_IND" IS NOT NULL),
	CONSTRAINT SYS_C0030531 CHECK ("UPDATE_TIMESTAMP" IS NOT NULL)
);
CREATE INDEX CL_FC_FK_I ON THE.CLIENT_LOCATION (CLIENT_NUMBER);
CREATE INDEX CL_OU_FK_I ON THE.CLIENT_LOCATION (UPDATE_ORG_UNIT);
CREATE INDEX CL_OU_IS_CREATED_BY_FK_I ON THE.CLIENT_LOCATION (ADD_ORG_UNIT);
CREATE INDEX "I2$_CLIENT_LOCATION" ON THE.CLIENT_LOCATION (HDBS_COMPANY_CODE);


ALTER TABLE THE.CLIENT_LOCATION ADD CONSTRAINT CL_FC_FK FOREIGN KEY (CLIENT_NUMBER) REFERENCES THE.FOREST_CLIENT(CLIENT_NUMBER);
ALTER TABLE THE.CLIENT_LOCATION ADD CONSTRAINT CL_OU_FK FOREIGN KEY (UPDATE_ORG_UNIT) REFERENCES THE.ORG_UNIT(ORG_UNIT_NO);
ALTER TABLE THE.CLIENT_LOCATION ADD CONSTRAINT CL_OU_IS_CREATED_BY_FK FOREIGN KEY (ADD_ORG_UNIT) REFERENCES THE.ORG_UNIT(ORG_UNIT_NO);


CREATE TABLE THE.CLIENT_CONTACT (
	CLIENT_CONTACT_ID NUMBER(12,0) NOT NULL,
	CLIENT_NUMBER VARCHAR2(8) NOT NULL,
	CLIENT_LOCN_CODE VARCHAR2(2) NOT NULL,
	BUS_CONTACT_CODE VARCHAR2(3) NOT NULL,
	CONTACT_NAME VARCHAR2(120) NOT NULL,
	BUSINESS_PHONE VARCHAR2(10) NULL,
	CELL_PHONE VARCHAR2(10) NULL,
	FAX_NUMBER VARCHAR2(10) NULL,
	EMAIL_ADDRESS VARCHAR2(128) NULL,
	UPDATE_TIMESTAMP DATE NOT NULL,
	UPDATE_USERID VARCHAR2(30) NOT NULL,
	UPDATE_ORG_UNIT NUMBER(10,0) NOT NULL,
	ADD_TIMESTAMP DATE NOT NULL,
	ADD_USERID VARCHAR2(30) NOT NULL,
	ADD_ORG_UNIT NUMBER(10,0) NOT NULL,
	REVISION_COUNT NUMBER(5,0) NOT NULL,
	CONSTRAINT CLC_PK PRIMARY KEY (CLIENT_CONTACT_ID),
	CONSTRAINT SYS_C0030038 CHECK ("CLIENT_CONTACT_ID" IS NOT NULL),
	CONSTRAINT SYS_C0030040 CHECK ("CLIENT_NUMBER" IS NOT NULL),
	CONSTRAINT SYS_C0030042 CHECK ("CLIENT_LOCN_CODE" IS NOT NULL),
	CONSTRAINT SYS_C0030044 CHECK ("BUS_CONTACT_CODE" IS NOT NULL),
	CONSTRAINT SYS_C0030046 CHECK ("CONTACT_NAME" IS NOT NULL),
	CONSTRAINT SYS_C0030048 CHECK ("UPDATE_TIMESTAMP" IS NOT NULL),
	CONSTRAINT SYS_C0030050 CHECK ("UPDATE_USERID" IS NOT NULL),
	CONSTRAINT SYS_C0030051 CHECK ("UPDATE_ORG_UNIT" IS NOT NULL),
	CONSTRAINT SYS_C0030052 CHECK ("ADD_TIMESTAMP" IS NOT NULL),
	CONSTRAINT SYS_C0030053 CHECK ("ADD_USERID" IS NOT NULL),
	CONSTRAINT SYS_C0030054 CHECK ("ADD_ORG_UNIT" IS NOT NULL),
	CONSTRAINT SYS_C0030055 CHECK ("REVISION_COUNT" IS NOT NULL)
);
CREATE INDEX CC_BCC_FK_I ON THE.CLIENT_CONTACT (BUS_CONTACT_CODE);
CREATE INDEX CC_CL_FK_I ON THE.CLIENT_CONTACT (CLIENT_NUMBER,CLIENT_LOCN_CODE);
CREATE INDEX CC_OU_FK_I ON THE.CLIENT_CONTACT (ADD_ORG_UNIT);
CREATE INDEX CC_OU_IS_UPDATED_BY_FK_I ON THE.CLIENT_CONTACT (UPDATE_ORG_UNIT);


ALTER TABLE THE.CLIENT_CONTACT ADD CONSTRAINT CC_BCC_FK FOREIGN KEY (BUS_CONTACT_CODE) REFERENCES THE.BUSINESS_CONTACT_CODE(BUSINESS_CONTACT_CODE);
ALTER TABLE THE.CLIENT_CONTACT ADD CONSTRAINT CC_CL_FK FOREIGN KEY (CLIENT_NUMBER,CLIENT_LOCN_CODE) REFERENCES THE.CLIENT_LOCATION(CLIENT_NUMBER,CLIENT_LOCN_CODE);
ALTER TABLE THE.CLIENT_CONTACT ADD CONSTRAINT CC_OU_FK FOREIGN KEY (ADD_ORG_UNIT) REFERENCES THE.ORG_UNIT(ORG_UNIT_NO);
ALTER TABLE THE.CLIENT_CONTACT ADD CONSTRAINT CC_OU_IS_UPDATED_BY_FK FOREIGN KEY (UPDATE_ORG_UNIT) REFERENCES THE.ORG_UNIT(ORG_UNIT_NO);